Datetime,DailyMinimumDryBulbTemperature
2011-01-01,16.0
2011-01-02,7.0
2011-01-03,0.0
2011-01-04,-2.0
2011-01-05,3.0
2011-01-06,10.0
2011-01-07,12.0
2011-01-08,16.0
2011-01-09,3.0
2011-01-10,-1.0
2011-01-11,15.0
2011-01-12,26.0
2011-01-13,32.0
2011-01-14,28.0
2011-01-15,26.0
2011-01-16,36.0
2011-01-17,26.0
2011-01-18,24.0
2011-01-19,24.0
2011-01-20,19.0
2011-01-21,21.0
2011-01-22,22.0
2011-01-23,19.0
2011-01-24,22.0
2011-01-25,19.0
2011-01-26,18.0
2011-01-27,22.0
2011-01-28,19.0
2011-01-29,22.0
2011-01-30,27.0
2011-01-31,21.0
2011-02-01,15.0
2011-02-02,7.0
2011-02-03,15.0
2011-02-04,20.0
2011-02-05,26.0
2011-02-06,22.0
2011-02-07,20.0
2011-02-08,20.0
2011-02-09,13.0
2011-02-10,10.0
2011-02-11,16.0
2011-02-12,17.0
2011-02-13,17.0
2011-02-14,26.0
2011-02-15,37.0
2011-02-16,17.0
2011-02-17,8.0
2011-02-18,16.0
2011-02-19,21.0
2011-02-20,22.0
2011-02-21,19.0
2011-02-22,18.0
2011-02-23,24.0
2011-02-24,24.0
2011-02-25,10.0
2011-02-26,-10.0
2011-02-27,-1.0
2011-02-28,25.0
2011-03-01,20.0
2011-03-02,33.0
2011-03-03,31.0
2011-03-04,27.0
2011-03-05,36.0
2011-03-06,33.0
2011-03-07,30.0
2011-03-08,31.0
2011-03-09,35.0
2011-03-10,32.0
2011-03-11,26.0
2011-03-12,24.0
2011-03-13,28.0
2011-03-14,33.0
2011-03-15,36.0
2011-03-16,26.0
2011-03-17,22.0
2011-03-18,28.0
2011-03-19,25.0
2011-03-20,30.0
2011-03-21,28.0
2011-03-22,23.0
2011-03-23,27.0
2011-03-24,28.0
2011-03-25,29.0
2011-03-26,30.0
2011-03-27,29.0
2011-03-28,20.0
2011-03-29,28.0
2011-03-30,31.0
2011-03-31,23.0
2011-04-01,29.0
2011-04-02,26.0
2011-04-03,20.0
2011-04-04,24.0
2011-04-05,25.0
2011-04-06,19.0
2011-04-07,23.0
2011-04-08,24.0
2011-04-09,16.0
2011-04-10,23.0
2011-04-11,28.0
2011-04-12,19.0
2011-04-13,23.0
2011-04-14,22.0
2011-04-15,32.0
2011-04-16,43.0
2011-04-17,44.0
2011-04-18,33.0
2011-04-19,28.0
2011-04-20,32.0
2011-04-21,26.0
2011-04-22,23.0
2011-04-23,38.0
2011-04-24,37.0
2011-04-25,29.0
2011-04-26,25.0
2011-04-27,24.0
2011-04-28,29.0
2011-04-29,22.0
2011-04-30,18.0
2011-05-01,20.0
2011-05-02,38.0
2011-05-03,33.0
2011-05-04,26.0
2011-05-05,31.0
2011-05-06,34.0
2011-05-07,39.0
2011-05-08,32.0
2011-05-09,30.0
2011-05-10,33.0
2011-05-11,32.0
2011-05-12,37.0
2011-05-13,33.0
2011-05-14,34.0
2011-05-15,32.0
2011-05-16,31.0
2011-05-17,35.0
2011-05-18,36.0
2011-05-19,32.0
2011-05-20,31.0
2011-05-21,41.0
2011-05-22,37.0
2011-05-23,35.0
2011-05-24,29.0
2011-05-25,33.0
2011-05-26,33.0
2011-05-27,38.0
2011-05-28,33.0
2011-05-29,33.0
2011-05-30,30.0
2011-05-31,40.0
2011-06-01,35.0
2011-06-02,31.0
2011-06-03,25.0
2011-06-04,37.0
2011-06-05,43.0
2011-06-06,44.0
2011-06-07,35.0
2011-06-08,33.0
2011-06-09,36.0
2011-06-10,41.0
2011-06-11,41.0
2011-06-12,44.0
2011-06-13,46.0
2011-06-14,37.0
2011-06-15,37.0
2011-06-16,38.0
2011-06-17,31.0
2011-06-18,40.0
2011-06-19,41.0
2011-06-20,39.0
2011-06-21,41.0
2011-06-22,43.0
2011-06-23,49.0
2011-06-24,39.0
2011-06-25,37.0
2011-06-26,48.0
2011-06-27,42.0
2011-06-28,51.0
2011-06-29,48.0
2011-06-30,47.0
2011-07-01,39.0
2011-07-02,43.0
2011-07-03,48.0
2011-07-04,45.0
2011-07-05,48.0
2011-07-06,49.0
2011-07-07,50.0
2011-07-08,48.0
2011-07-09,43.0
2011-07-10,41.0
2011-07-11,45.0
2011-07-12,45.0
2011-07-13,51.0
2011-07-14,46.0
2011-07-15,40.0
2011-07-16,43.0
2011-07-17,37.0
2011-07-18,39.0
2011-07-19,48.0
2011-07-20,39.0
2011-07-21,42.0
2011-07-22,43.0
2011-07-23,41.0
2011-07-24,46.0
2011-07-25,42.0
2011-07-26,45.0
2011-07-27,42.0
2011-07-28,45.0
2011-07-29,45.0
2011-07-30,53.0
2011-07-31,50.0
2011-08-01,45.0
2011-08-02,42.0
2011-08-03,38.0
2011-08-04,39.0
2011-08-05,45.0
2011-08-06,48.0
2011-08-07,45.0
2011-08-08,45.0
2011-08-09,46.0
2011-08-10,42.0
2011-08-11,42.0
2011-08-12,44.0
2011-08-13,46.0
2011-08-14,47.0
2011-08-15,37.0
2011-08-16,40.0
2011-08-17,40.0
2011-08-18,42.0
2011-08-19,42.0
2011-08-20,43.0
2011-08-21,45.0
2011-08-22,40.0
2011-08-23,40.0
2011-08-24,47.0
2011-08-25,42.0
2011-08-26,42.0
2011-08-27,49.0
2011-08-28,39.0
2011-08-29,42.0
2011-08-30,42.0
2011-08-31,44.0
2011-09-01,37.0
2011-09-02,30.0
2011-09-03,39.0
2011-09-04,36.0
2011-09-05,46.0
2011-09-06,37.0
2011-09-07,38.0
2011-09-08,52.0
2011-09-09,53.0
2011-09-10,43.0
2011-09-11,45.0
2011-09-12,43.0
2011-09-13,38.0
2011-09-14,42.0
2011-09-15,45.0
2011-09-16,34.0
2011-09-17,31.0
2011-09-18,32.0
2011-09-19,35.0
2011-09-20,35.0
2011-09-21,34.0
2011-09-22,35.0
2011-09-23,35.0
2011-09-24,38.0
2011-09-25,36.0
2011-09-26,31.0
2011-09-27,37.0
2011-09-28,35.0
2011-09-29,38.0
2011-09-30,40.0
2011-10-01,37.0
2011-10-02,31.0
2011-10-03,29.0
2011-10-04,42.0
2011-10-05,35.0
2011-10-06,35.0
2011-10-07,36.0
2011-10-08,28.0
2011-10-09,23.0
2011-10-10,42.0
2011-10-11,33.0
2011-10-12,26.0
2011-10-13,28.0
2011-10-14,34.0
2011-10-15,37.0
2011-10-16,38.0
2011-10-17,28.0
2011-10-18,28.0
2011-10-19,31.0
2011-10-20,30.0
2011-10-21,29.0
2011-10-22,26.0
2011-10-23,25.0
2011-10-24,29.0
2011-10-25,20.0
2011-10-26,13.0
2011-10-27,19.0
2011-10-28,17.0
2011-10-29,23.0
2011-10-30,25.0
2011-10-31,33.0
2011-11-01,22.0
2011-11-02,10.0
2011-11-03,30.0
2011-11-04,23.0
2011-11-05,12.0
2011-11-06,29.0
2011-11-07,21.0
2011-11-08,17.0
2011-11-09,21.0
2011-11-10,17.0
2011-11-11,17.0
2011-11-12,33.0
2011-11-13,29.0
2011-11-14,19.0
2011-11-15,33.0
2011-11-16,22.0
2011-11-17,39.0
2011-11-18,14.0
2011-11-19,0.0
2011-11-20,23.0
2011-11-21,23.0
2011-11-22,35.0
2011-11-23,27.0
2011-11-24,30.0
2011-11-25,21.0
2011-11-26,17.0
2011-11-27,28.0
2011-11-28,23.0
2011-11-29,17.0
2011-11-30,21.0
2011-12-01,24.0
2011-12-02,12.0
2011-12-03,13.0
2011-12-04,7.0
2011-12-05,9.0
2011-12-06,9.0
2011-12-07,12.0
2011-12-08,9.0
2011-12-09,7.0
2011-12-10,8.0
2011-12-11,7.0
2011-12-12,11.0
2011-12-13,3.0
2011-12-14,4.0
2011-12-15,25.0
2011-12-16,10.0
2011-12-17,10.0
2011-12-18,8.0
2011-12-19,13.0
2011-12-20,6.0
2011-12-21,1.0
2011-12-22,-6.0
2011-12-23,1.0
2011-12-24,2.0
2011-12-25,11.0
2011-12-26,8.0
2011-12-27,19.0
2011-12-28,36.0
2011-12-29,32.0
2011-12-30,20.0
2011-12-31,20.5
2012-01-01,21.0
2012-01-02,26.0
2012-01-03,16.0
2012-01-04,18.0
2012-01-05,21.0
2012-01-06,14.0
2012-01-07,8.0
2012-01-08,11.0
2012-01-09,7.0
2012-01-10,15.0
2012-01-11,5.0
2012-01-12,2.0
2012-01-13,7.0
2012-01-14,8.0
2012-01-15,12.0
2012-01-16,1.0
2012-01-17,-6.0
2012-01-18,27.0
2012-01-19,31.0
2012-01-20,31.0
2012-01-21,23.0
2012-01-22,22.0
2012-01-23,23.0
2012-01-24,23.0
2012-01-25,34.0
2012-01-26,24.0
2012-01-27,15.0
2012-01-28,12.0
2012-01-29,22.0
2012-01-30,22.0
2012-01-31,14.0
2012-02-01,21.0
2012-02-02,14.0
2012-02-03,11.0
2012-02-04,11.0
2012-02-05,11.0
2012-02-06,11.0
2012-02-07,19.0
2012-02-08,28.0
2012-02-09,25.0
2012-02-10,22.0
2012-02-11,29.0
2012-02-12,20.0
2012-02-13,29.0
2012-02-14,25.0
2012-02-15,20.0
2012-02-16,14.0
2012-02-17,22.0
2012-02-18,20.0
2012-02-19,10.0
2012-02-20,27.0
2012-02-21,31.0
2012-02-22,26.0
2012-02-23,20.0
2012-02-24,16.0
2012-02-25,18.0
2012-02-26,10.0
2012-02-27,14.0
2012-02-28,17.0
2012-02-29,20.0
2012-03-01,9.0
2012-03-02,-1.0
2012-03-03,11.0
2012-03-04,17.0
2012-03-05,21.0
2012-03-06,19.0
2012-03-07,14.0
2012-03-08,15.0
2012-03-09,19.0
2012-03-10,30.0
2012-03-11,31.0
2012-03-12,26.0
2012-03-13,38.0
2012-03-14,36.0
2012-03-15,42.0
2012-03-16,32.0
2012-03-17,24.0
2012-03-18,21.0
2012-03-19,12.0
2012-03-20,28.0
2012-03-21,36.0
2012-03-22,36.0
2012-03-23,26.0
2012-03-24,26.0
2012-03-25,28.0
2012-03-26,28.0
2012-03-27,32.0
2012-03-28,32.0
2012-03-29,35.0
2012-03-30,42.0
2012-03-31,32.0
2012-04-01,24.0
2012-04-02,19.0
2012-04-03,31.0
2012-04-04,23.0
2012-04-05,23.0
2012-04-06,19.0
2012-04-07,24.0
2012-04-08,22.0
2012-04-09,26.0
2012-04-10,38.0
2012-04-11,32.0
2012-04-12,31.0
2012-04-13,33.0
2012-04-14,34.0
2012-04-15,22.0
2012-04-16,42.0
2012-04-17,30.0
2012-04-18,40.0
2012-04-19,43.0
2012-04-20,32.0
2012-04-21,34.0
2012-04-22,36.0
2012-04-23,34.0
2012-04-24,37.0
2012-04-25,43.0
2012-04-26,34.0
2012-04-27,26.0
2012-04-28,28.0
2012-04-29,32.0
2012-04-30,40.0
2012-05-01,27.0
2012-05-02,24.0
2012-05-03,39.0
2012-05-04,32.0
2012-05-05,26.0
2012-05-06,32.0
2012-05-07,29.0
2012-05-08,29.0
2012-05-09,37.0
2012-05-10,35.0
2012-05-11,28.0
2012-05-12,29.0
2012-05-13,33.0
2012-05-14,38.0
2012-05-15,45.0
2012-05-16,42.0
2012-05-17,39.0
2012-05-18,28.0
2012-05-19,29.0
2012-05-20,37.0
2012-05-21,48.0
2012-05-22,37.0
2012-05-23,33.0
2012-05-24,30.0
2012-05-25,36.0
2012-05-26,36.0
2012-05-27,33.0
2012-05-28,31.0
2012-05-29,32.0
2012-05-30,35.0
2012-05-31,40.0
2012-06-01,45.0
2012-06-02,47.0
2012-06-03,44.0
2012-06-04,35.0
2012-06-05,34.0
2012-06-06,26.0
2012-06-07,31.0
2012-06-08,33.0
2012-06-09,31.0
2012-06-10,28.0
2012-06-11,33.0
2012-06-12,42.0
2012-06-13,42.0
2012-06-14,44.0
2012-06-15,48.0
2012-06-16,44.0
2012-06-17,46.0
2012-06-18,41.0
2012-06-19,31.0
2012-06-20,31.0
2012-06-21,40.0
2012-06-22,44.0
2012-06-23,37.0
2012-06-24,31.0
2012-06-25,34.0
2012-06-26,37.0
2012-06-27,32.0
2012-06-28,35.0
2012-06-29,38.0
2012-06-30,38.0
2012-07-01,52.0
2012-07-02,45.0
2012-07-03,49.0
2012-07-04,39.0
2012-07-05,42.0
2012-07-06,42.0
2012-07-07,42.0
2012-07-08,45.0
2012-07-09,48.0
2012-07-10,44.0
2012-07-11,49.0
2012-07-12,50.0
2012-07-13,49.0
2012-07-14,47.0
2012-07-15,46.0
2012-07-16,46.0
2012-07-17,43.0
2012-07-18,38.0
2012-07-19,49.0
2012-07-20,47.0
2012-07-21,41.0
2012-07-22,43.0
2012-07-23,48.0
2012-07-24,50.0
2012-07-25,47.0
2012-07-26,45.0
2012-07-27,45.0
2012-07-28,43.0
2012-07-29,43.0
2012-07-30,46.0
2012-07-31,44.0
2012-08-01,44.0
2012-08-02,44.0
2012-08-03,45.0
2012-08-04,47.0
2012-08-05,55.0
2012-08-06,44.0
2012-08-07,43.0
2012-08-08,41.0
2012-08-09,42.0
2012-08-10,45.0
2012-08-11,43.0
2012-08-12,44.0
2012-08-13,50.0
2012-08-14,49.0
2012-08-15,52.0
2012-08-16,53.0
2012-08-17,49.0
2012-08-18,55.0
2012-08-19,44.0
2012-08-20,41.0
2012-08-21,43.0
2012-08-22,42.0
2012-08-23,43.0
2012-08-24,40.0
2012-08-25,38.0
2012-08-26,40.0
2012-08-27,33.0
2012-08-28,30.0
2012-08-29,34.0
2012-08-30,34.0
2012-08-31,34.0
2012-09-01,34.0
2012-09-02,35.0
2012-09-03,35.0
2012-09-04,36.0
2012-09-05,34.0
2012-09-06,52.0
2012-09-07,43.0
2012-09-08,42.0
2012-09-09,42.0
2012-09-10,33.0
2012-09-11,34.0
2012-09-12,33.0
2012-09-13,32.0
2012-09-14,37.0
2012-09-15,39.0
2012-09-16,33.0
2012-09-17,33.0
2012-09-18,35.0
2012-09-19,36.0
2012-09-20,36.0
2012-09-21,39.0
2012-09-22,38.0
2012-09-23,50.0
2012-09-24,39.0
2012-09-25,34.0
2012-09-26,35.0
2012-09-27,35.0
2012-09-28,38.0
2012-09-29,37.0
2012-09-30,32.0
2012-10-01,34.0
2012-10-02,33.0
2012-10-03,31.0
2012-10-04,29.0
2012-10-05,28.0
2012-10-06,25.0
2012-10-07,24.0
2012-10-08,26.0
2012-10-09,30.0
2012-10-10,35.0
2012-10-11,27.0
2012-10-12,29.0
2012-10-13,35.0
2012-10-14,28.0
2012-10-15,47.0
2012-10-16,33.0
2012-10-17,20.0
2012-10-18,20.0
2012-10-19,30.0
2012-10-20,31.0
2012-10-21,18.0
2012-10-22,31.0
2012-10-23,26.0
2012-10-24,30.0
2012-10-25,22.0
2012-10-26,20.0
2012-10-27,26.0
2012-10-28,28.0
2012-10-29,28.0
2012-10-30,32.0
2012-10-31,39.0
2012-11-01,27.0
2012-11-02,18.0
2012-11-03,30.0
2012-11-04,27.0
2012-11-05,25.0
2012-11-06,22.0
2012-11-07,24.0
2012-11-08,28.0
2012-11-09,26.0
2012-11-10,7.0
2012-11-11,1.0
2012-11-12,27.0
2012-11-13,24.0
2012-11-14,28.0
2012-11-15,20.0
2012-11-16,36.0
2012-11-17,32.0
2012-11-18,29.0
2012-11-19,36.0
2012-11-20,45.0
2012-11-21,24.0
2012-11-22,18.0
2012-11-23,24.0
2012-11-24,19.0
2012-11-25,25.0
2012-11-26,20.0
2012-11-27,19.0
2012-11-28,30.0
2012-11-29,40.0
2012-11-30,39.0
2012-12-01,39.0
2012-12-02,28.0
2012-12-03,23.0
2012-12-04,39.0
2012-12-05,27.0
2012-12-06,22.0
2012-12-07,18.0
2012-12-08,19.0
2012-12-09,20.0
2012-12-10,21.0
2012-12-11,17.0
2012-12-12,28.0
2012-12-13,17.0
2012-12-14,12.0
2012-12-15,3.0
2012-12-16,27.0
2012-12-17,16.0
2012-12-18,9.0
2012-12-19,5.0
2012-12-20,26.0
2012-12-21,30.0
2012-12-22,25.0
2012-12-23,28.0
2012-12-24,9.0
2012-12-25,9.0
2012-12-26,25.0
2012-12-27,3.0
2012-12-28,2.0
2012-12-29,22.0
2012-12-30,-3.0
2012-12-31,-6.0
2013-01-01,-1.0
2013-01-02,-5.0
2013-01-03,1.0
2013-01-04,2.0
2013-01-05,7.0
2013-01-06,8.0
2013-01-07,23.0
2013-01-08,19.0
2013-01-09,21.0
2013-01-10,15.0
2013-01-11,-9.0
2013-01-12,-19.0
2013-01-13,-21.0
2013-01-14,-15.0
2013-01-15,-5.0
2013-01-16,-7.0
2013-01-17,-7.0
2013-01-18,-5.0
2013-01-19,-2.0
2013-01-20,-3.0
2013-01-21,1.0
2013-01-22,9.0
2013-01-23,29.0
2013-01-24,37.0
2013-01-25,34.0
2013-01-26,29.0
2013-01-27,22.0
2013-01-28,25.0
2013-01-29,25.0
2013-01-30,19.0
2013-01-31,19.0
2013-02-01,18.0
2013-02-02,21.0
2013-02-03,21.0
2013-02-04,22.0
2013-02-05,26.0
2013-02-06,22.0
2013-02-07,21.0
2013-02-08,18.0
2013-02-09,16.0
2013-02-10,18.0
2013-02-11,16.0
2013-02-12,17.0
2013-02-13,19.0
2013-02-14,19.0
2013-02-15,19.0
2013-02-16,19.0
2013-02-17,19.0
2013-02-18,21.0
2013-02-19,22.0
2013-02-20,15.0
2013-02-21,19.0
2013-02-22,22.0
2013-02-23,22.0
2013-02-24,12.0
2013-02-25,20.0
2013-02-26,12.0
2013-02-27,15.0
2013-02-28,33.0
2013-03-01,23.0
2013-03-02,26.0
2013-03-03,29.0
2013-03-04,22.0
2013-03-05,29.0
2013-03-06,21.0
2013-03-07,13.0
2013-03-08,17.0
2013-03-09,23.0
2013-03-10,15.0
2013-03-11,20.0
2013-03-12,23.0
2013-03-13,22.0
2013-03-14,25.0
2013-03-15,27.0
2013-03-16,20.0
2013-03-17,19.0
2013-03-18,15.0
2013-03-19,28.0
2013-03-20,31.0
2013-03-21,16.0
2013-03-22,18.0
2013-03-23,10.0
2013-03-24,16.0
2013-03-25,26.0
2013-03-26,34.0
2013-03-27,31.0
2013-03-28,27.0
2013-03-29,24.0
2013-03-30,24.0
2013-03-31,38.0
2013-04-01,39.0
2013-04-02,38.0
2013-04-03,29.0
2013-04-04,40.0
2013-04-05,36.0
2013-04-06,41.0
2013-04-07,32.0
2013-04-08,29.0
2013-04-09,30.0
2013-04-10,27.0
2013-04-11,26.0
2013-04-12,23.0
2013-04-13,30.0
2013-04-14,18.0
2013-04-15,28.0
2013-04-16,28.0
2013-04-17,23.0
2013-04-18,20.0
2013-04-19,27.0
2013-04-20,22.0
2013-04-21,23.0
2013-04-22,25.0
2013-04-23,24.0
2013-04-24,27.0
2013-04-25,19.0
2013-04-26,29.0
2013-04-27,31.0
2013-04-28,32.0
2013-04-29,31.0
2013-04-30,30.0
2013-05-01,25.0
2013-05-02,21.0
2013-05-03,28.0
2013-05-04,42.0
2013-05-05,38.0
2013-05-06,36.0
2013-05-07,43.0
2013-05-08,47.0
2013-05-09,39.0
2013-05-10,39.0
2013-05-11,41.0
2013-05-12,45.0
2013-05-13,38.0
2013-05-14,39.0
2013-05-15,37.0
2013-05-16,44.0
2013-05-17,44.0
2013-05-18,40.0
2013-05-19,36.0
2013-05-20,32.0
2013-05-21,34.0
2013-05-22,24.0
2013-05-23,31.0
2013-05-24,24.0
2013-05-25,33.0
2013-05-26,42.0
2013-05-27,39.0
2013-05-28,44.0
2013-05-29,46.0
2013-05-30,34.0
2013-05-31,33.0
2013-06-01,36.0
2013-06-02,40.0
2013-06-03,43.0
2013-06-04,41.0
2013-06-05,41.0
2013-06-06,43.0
2013-06-07,45.0
2013-06-08,52.0
2013-06-09,46.0
2013-06-10,51.0
2013-06-11,49.0
2013-06-12,39.0
2013-06-13,36.0
2013-06-14,29.0
2013-06-15,30.0
2013-06-16,38.0
2013-06-17,37.0
2013-06-18,37.0
2013-06-19,41.0
2013-06-20,35.0
2013-06-21,29.0
2013-06-22,35.0
2013-06-23,46.0
2013-06-24,48.0
2013-06-25,50.0
2013-06-26,50.0
2013-06-27,40.0
2013-06-28,44.0
2013-06-29,51.0
2013-06-30,48.0
2013-07-01,51.0
2013-07-02,54.0
2013-07-03,62.0
2013-07-04,56.0
2013-07-05,48.0
2013-07-06,47.0
2013-07-07,45.0
2013-07-08,40.0
2013-07-09,41.0
2013-07-10,40.0
2013-07-11,40.0
2013-07-12,39.0
2013-07-13,40.0
2013-07-14,42.0
2013-07-15,43.0
2013-07-16,49.0
2013-07-17,37.0
2013-07-18,39.0
2013-07-19,46.0
2013-07-20,48.0
2013-07-21,47.0
2013-07-22,50.0
2013-07-23,55.0
2013-07-24,64.0
2013-07-25,49.0
2013-07-26,52.0
2013-07-27,47.0
2013-07-28,49.0
2013-07-29,42.0
2013-07-30,41.0
2013-07-31,48.0
2013-08-01,42.0
2013-08-02,36.0
2013-08-03,39.0
2013-08-04,39.0
2013-08-05,42.0
2013-08-06,41.0
2013-08-07,55.0
2013-08-08,46.0
2013-08-09,44.0
2013-08-10,40.0
2013-08-11,38.0
2013-08-12,39.0
2013-08-13,40.0
2013-08-14,38.0
2013-08-15,40.0
2013-08-16,37.0
2013-08-17,43.0
2013-08-18,48.0
2013-08-19,51.0
2013-08-20,50.0
2013-08-21,53.0
2013-08-22,48.0
2013-08-23,39.0
2013-08-24,44.0
2013-08-25,42.0
2013-08-26,38.0
2013-08-27,34.0
2013-08-28,41.0
2013-08-29,40.0
2013-08-30,38.0
2013-08-31,38.0
2013-09-01,47.0
2013-09-02,60.0
2013-09-03,49.0
2013-09-04,43.0
2013-09-05,38.0
2013-09-06,33.0
2013-09-07,35.0
2013-09-08,37.0
2013-09-09,44.0
2013-09-10,39.0
2013-09-11,39.0
2013-09-12,56.0
2013-09-13,57.0
2013-09-14,42.0
2013-09-15,45.0
2013-09-16,34.0
2013-09-17,38.0
2013-09-18,35.0
2013-09-19,27.0
2013-09-20,29.0
2013-09-21,41.0
2013-09-22,44.0
2013-09-23,45.0
2013-09-24,39.0
2013-09-25,30.0
2013-09-26,30.0
2013-09-27,22.0
2013-09-28,33.0
2013-09-29,53.0
2013-09-30,48.0
2013-10-01,40.0
2013-10-02,29.0
2013-10-03,30.0
2013-10-04,24.0
2013-10-05,18.0
2013-10-06,25.0
2013-10-07,23.0
2013-10-08,18.0
2013-10-09,33.0
2013-10-10,28.0
2013-10-11,19.0
2013-10-12,21.0
2013-10-13,30.0
2013-10-14,18.0
2013-10-15,18.0
2013-10-16,16.0
2013-10-17,19.0
2013-10-18,19.0
2013-10-19,20.0
2013-10-20,22.0
2013-10-21,22.0
2013-10-22,25.0
2013-10-23,22.0
2013-10-24,23.0
2013-10-25,22.0
2013-10-26,20.0
2013-10-27,19.0
2013-10-28,31.0
2013-10-29,26.0
2013-10-30,16.0
2013-10-31,17.0
2013-11-01,17.0
2013-11-02,20.0
2013-11-03,17.0
2013-11-04,8.0
2013-11-05,15.0
2013-11-06,26.0
2013-11-07,39.0
2013-11-08,24.0
2013-11-09,18.0
2013-11-10,19.0
2013-11-11,20.0
2013-11-12,36.0
2013-11-13,26.0
2013-11-14,20.0
2013-11-15,17.0
2013-11-16,33.0
2013-11-17,17.0
2013-11-18,17.0
2013-11-19,38.0
2013-11-20,27.0
2013-11-21,20.0
2013-11-22,22.0
2013-11-23,16.0
2013-11-24,6.0
2013-11-25,22.0
2013-11-26,19.0
2013-11-27,19.0
2013-11-28,17.0
2013-11-29,13.0
2013-11-30,22.0
2013-12-01,22.0
2013-12-02,20.0
2013-12-03,12.0
2013-12-04,-1.0
2013-12-05,-10.0
2013-12-06,1.0
2013-12-07,-11.0
2013-12-08,-27.0
2013-12-09,-22.0
2013-12-10,-11.0
2013-12-11,-6.0
2013-12-12,1.0
2013-12-13,14.0
2013-12-14,9.0
2013-12-15,9.0
2013-12-16,10.0
2013-12-17,13.0
2013-12-18,11.0
2013-12-19,10.0
2013-12-20,4.0
2013-12-21,21.0
2013-12-22,20.0
2013-12-23,17.0
2013-12-24,16.0
2013-12-25,10.0
2013-12-26,10.0
2013-12-27,10.0
2013-12-28,8.0
2013-12-29,5.0
2013-12-30,9.0
2013-12-31,10.5
2014-01-01,12.0
2014-01-02,13.0
2014-01-03,16.0
2014-01-04,8.0
2014-01-05,1.0
2014-01-06,13.0
2014-01-07,24.0
2014-01-08,23.0
2014-01-09,27.0
2014-01-10,17.0
2014-01-11,26.0
2014-01-12,17.0
2014-01-13,13.0
2014-01-14,8.0
2014-01-15,5.0
2014-01-16,5.0
2014-01-17,7.0
2014-01-18,9.0
2014-01-19,12.0
2014-01-20,5.0
2014-01-21,9.0
2014-01-22,7.0
2014-01-23,19.0
2014-01-24,17.0
2014-01-25,12.0
2014-01-26,11.0
2014-01-27,15.0
2014-01-28,34.0
2014-01-29,32.0
2014-01-30,25.0
2014-01-31,12.0
2014-02-01,5.0
2014-02-02,12.0
2014-02-03,17.0
2014-02-04,4.0
2014-02-05,6.0
2014-02-06,26.0
2014-02-07,31.0
2014-02-08,39.0
2014-02-09,36.0
2014-02-10,31.0
2014-02-11,26.0
2014-02-12,38.0
2014-02-13,38.0
2014-02-14,43.0
2014-02-15,39.0
2014-02-16,23.0
2014-02-17,23.0
2014-02-18,24.0
2014-02-19,23.0
2014-02-20,17.0
2014-02-21,22.0
2014-02-22,16.0
2014-02-23,17.0
2014-02-24,25.0
2014-02-25,22.0
2014-02-26,31.0
2014-02-27,30.0
2014-02-28,26.0
2014-03-01,35.0
2014-03-02,37.0
2014-03-03,35.0
2014-03-04,33.0
2014-03-05,35.0
2014-03-06,34.0
2014-03-07,28.0
2014-03-08,24.0
2014-03-09,43.0
2014-03-10,28.0
2014-03-11,20.0
2014-03-12,22.0
2014-03-13,18.0
2014-03-14,26.0
2014-03-15,19.0
2014-03-16,24.0
2014-03-17,29.0
2014-03-18,23.0
2014-03-19,16.0
2014-03-20,18.0
2014-03-21,17.0
2014-03-22,15.0
2014-03-23,16.0
2014-03-24,17.0
2014-03-25,22.0
2014-03-26,31.0
2014-03-27,27.0
2014-03-28,35.0
2014-03-29,33.0
2014-03-30,30.0
2014-03-31,27.0
2014-04-01,28.0
2014-04-02,28.0
2014-04-03,23.0
2014-04-04,26.0
2014-04-05,27.0
2014-04-06,33.0
2014-04-07,27.0
2014-04-08,30.0
2014-04-09,36.0
2014-04-10,32.0
2014-04-11,30.0
2014-04-12,35.0
2014-04-13,33.0
2014-04-14,22.0
2014-04-15,30.0
2014-04-16,34.0
2014-04-17,30.0
2014-04-18,34.0
2014-04-19,28.0
2014-04-20,26.0
2014-04-21,30.0
2014-04-22,33.0
2014-04-23,31.0
2014-04-24,35.0
2014-04-25,32.0
2014-04-26,30.0
2014-04-27,37.0
2014-04-28,28.0
2014-04-29,27.0
2014-04-30,30.0
2014-05-01,28.0
2014-05-02,34.0
2014-05-03,36.0
2014-05-04,45.0
2014-05-05,37.0
2014-05-06,32.0
2014-05-07,32.0
2014-05-08,35.0
2014-05-09,37.0
2014-05-10,25.0
2014-05-11,24.0
2014-05-12,28.0
2014-05-13,30.0
2014-05-14,34.0
2014-05-15,36.0
2014-05-16,39.0
2014-05-17,35.0
2014-05-18,40.0
2014-05-19,38.0
2014-05-20,40.0
2014-05-21,42.0
2014-05-22,38.0
2014-05-23,39.0
2014-05-24,40.0
2014-05-25,39.0
2014-05-26,40.0
2014-05-27,37.0
2014-05-28,37.0
2014-05-29,29.0
2014-05-30,39.0
2014-05-31,35.0
2014-06-01,35.0
2014-06-02,39.0
2014-06-03,41.0
2014-06-04,37.0
2014-06-05,38.0
2014-06-06,43.0
2014-06-07,45.0
2014-06-08,50.0
2014-06-09,44.0
2014-06-10,46.0
2014-06-11,43.0
2014-06-12,50.0
2014-06-13,37.0
2014-06-14,31.0
2014-06-15,48.0
2014-06-16,45.0
2014-06-17,40.0
2014-06-18,30.0
2014-06-19,38.0
2014-06-20,46.0
2014-06-21,39.0
2014-06-22,43.0
2014-06-23,45.0
2014-06-24,48.0
2014-06-25,50.0
2014-06-26,52.0
2014-06-27,53.0
2014-06-28,50.0
2014-06-29,43.0
2014-06-30,45.0
2014-07-01,47.0
2014-07-02,50.0
2014-07-03,49.0
2014-07-04,47.0
2014-07-05,44.0
2014-07-06,42.0
2014-07-07,51.0
2014-07-08,67.0
2014-07-09,62.0
2014-07-10,53.0
2014-07-11,62.0
2014-07-12,54.0
2014-07-13,53.0
2014-07-14,52.0
2014-07-15,56.0
2014-07-16,57.0
2014-07-17,68.0
2014-07-18,51.0
2014-07-19,52.0
2014-07-20,55.0
2014-07-21,51.0
2014-07-22,42.0
2014-07-23,44.0
2014-07-24,42.0
2014-07-25,42.0
2014-07-26,42.0
2014-07-27,50.0
2014-07-28,51.0
2014-07-29,58.0
2014-07-30,51.0
2014-07-31,50.0
2014-08-01,51.0
2014-08-02,46.0
2014-08-03,46.0
2014-08-04,59.0
2014-08-05,55.0
2014-08-06,52.0
2014-08-07,48.0
2014-08-08,48.0
2014-08-09,47.0
2014-08-10,56.0
2014-08-11,52.0
2014-08-12,47.0
2014-08-13,44.0
2014-08-14,40.0
2014-08-15,46.0
2014-08-16,45.0
2014-08-17,44.0
2014-08-18,46.0
2014-08-19,45.0
2014-08-20,50.0
2014-08-21,51.0
2014-08-22,47.0
2014-08-23,44.0
2014-08-24,41.0
2014-08-25,49.0
2014-08-26,41.0
2014-08-27,42.0
2014-08-28,49.0
2014-08-29,47.0
2014-08-30,44.0
2014-08-31,38.0
2014-09-01,37.0
2014-09-02,37.0
2014-09-03,41.0
2014-09-04,33.0
2014-09-05,37.0
2014-09-06,36.0
2014-09-07,36.0
2014-09-08,35.0
2014-09-09,38.0
2014-09-10,34.0
2014-09-11,37.0
2014-09-12,38.0
2014-09-13,39.0
2014-09-14,41.0
2014-09-15,41.0
2014-09-16,43.0
2014-09-17,50.0
2014-09-18,45.0
2014-09-19,36.0
2014-09-20,42.0
2014-09-21,57.0
2014-09-22,46.0
2014-09-23,48.0
2014-09-24,47.0
2014-09-25,45.0
2014-09-26,37.0
2014-09-27,46.0
2014-09-28,48.0
2014-09-29,46.0
2014-09-30,41.0
2014-10-01,31.0
2014-10-02,25.0
2014-10-03,29.0
2014-10-04,31.0
2014-10-05,32.0
2014-10-06,31.0
2014-10-07,31.0
2014-10-08,29.0
2014-10-09,31.0
2014-10-10,28.0
2014-10-11,38.0
2014-10-12,25.0
2014-10-13,29.0
2014-10-14,49.0
2014-10-15,38.0
2014-10-16,36.0
2014-10-17,33.0
2014-10-18,28.0
2014-10-19,27.0
2014-10-20,35.0
2014-10-21,35.0
2014-10-22,32.0
2014-10-23,46.0
2014-10-24,42.0
2014-10-25,42.0
2014-10-26,30.0
2014-10-27,27.0
2014-10-28,25.0
2014-10-29,36.0
2014-10-30,34.0
2014-10-31,41.0
2014-11-01,30.0
2014-11-02,29.0
2014-11-03,28.0
2014-11-04,34.0
2014-11-05,28.0
2014-11-06,36.0
2014-11-07,29.0
2014-11-08,29.0
2014-11-09,28.0
2014-11-10,22.0
2014-11-11,18.0
2014-11-12,32.0
2014-11-13,35.0
2014-11-14,41.0
2014-11-15,13.0
2014-11-16,8.0
2014-11-17,9.0
2014-11-18,15.0
2014-11-19,28.0
2014-11-20,31.0
2014-11-21,33.0
2014-11-22,30.0
2014-11-23,24.0
2014-11-24,20.0
2014-11-25,27.0
2014-11-26,22.0
2014-11-27,31.0
2014-11-28,24.0
2014-11-29,39.0
2014-11-30,31.0
2014-12-01,36.0
2014-12-02,31.0
2014-12-03,38.0
2014-12-04,33.0
2014-12-05,33.0
2014-12-06,30.0
2014-12-07,27.0
2014-12-08,38.0
2014-12-09,32.0
2014-12-10,32.0
2014-12-11,37.0
2014-12-12,33.0
2014-12-13,24.0
2014-12-14,21.0
2014-12-15,26.0
2014-12-16,33.0
2014-12-17,33.0
2014-12-18,33.0
2014-12-19,37.0
2014-12-20,37.0
2014-12-21,43.0
2014-12-22,41.0
2014-12-23,32.0
2014-12-24,29.0
2014-12-25,27.0
2014-12-26,19.0
2014-12-27,16.0
2014-12-28,26.0
2014-12-29,19.0
2014-12-30,13.0
2014-12-31,9.0
2015-01-01,5.0
2015-01-02,9.0
2015-01-03,17.0
2015-01-04,27.0
2015-01-05,27.0
2015-01-06,26.0
2015-01-07,25.0
2015-01-08,21.0
2015-01-09,26.0
2015-01-10,33.0
2015-01-11,25.0
2015-01-12,32.0
2015-01-13,24.0
2015-01-14,18.0
2015-01-15,27.0
2015-01-16,31.0
2015-01-17,32.0
2015-01-18,34.0
2015-01-19,24.0
2015-01-20,19.0
2015-01-21,16.0
2015-01-22,21.0
2015-01-23,20.0
2015-01-24,23.0
2015-01-25,25.0
2015-01-26,27.0
2015-01-27,30.0
2015-01-28,24.0
2015-01-29,21.0
2015-01-30,22.0
2015-01-31,15.0
2015-02-01,19.0
2015-02-02,35.0
2015-02-03,34.0
2015-02-04,30.0
2015-02-05,40.0
2015-02-06,40.0
2015-02-07,39.0
2015-02-08,36.0
2015-02-09,32.0
2015-02-10,23.0
2015-02-11,28.0
2015-02-12,29.0
2015-02-13,29.0
2015-02-14,31.0
2015-02-15,22.0
2015-02-16,20.0
2015-02-17,22.0
2015-02-18,24.0
2015-02-19,22.0
2015-02-20,19.0
2015-02-21,18.0
2015-02-22,27.0
2015-02-23,26.0
2015-02-24,12.0
2015-02-25,18.0
2015-02-26,26.0
2015-02-27,30.0
2015-02-28,30.0
2015-03-01,21.0
2015-03-02,22.0
2015-03-03,19.0
2015-03-04,12.0
2015-03-05,14.0
2015-03-06,17.0
2015-03-07,18.0
2015-03-08,19.0
2015-03-09,17.0
2015-03-10,20.0
2015-03-11,41.0
2015-03-12,27.0
2015-03-13,28.0
2015-03-14,44.0
2015-03-15,44.0
2015-03-16,42.0
2015-03-17,35.0
2015-03-18,21.0
2015-03-19,17.0
2015-03-20,23.0
2015-03-21,37.0
2015-03-22,33.0
2015-03-23,33.0
2015-03-24,35.0
2015-03-25,29.0
2015-03-26,29.0
2015-03-27,32.0
2015-03-28,31.0
2015-03-29,23.0
2015-03-30,28.0
2015-03-31,22.0
2015-04-01,13.0
2015-04-02,19.0
2015-04-03,15.0
2015-04-04,23.0
2015-04-05,26.0
2015-04-06,22.0
2015-04-07,28.0
2015-04-08,23.0
2015-04-09,16.0
2015-04-10,21.0
2015-04-11,31.0
2015-04-12,18.0
2015-04-13,23.0
2015-04-14,24.0
2015-04-15,18.0
2015-04-16,19.0
2015-04-17,21.0
2015-04-18,34.0
2015-04-19,27.0
2015-04-20,27.0
2015-04-21,30.0
2015-04-22,36.0
2015-04-23,25.0
2015-04-24,33.0
2015-04-25,31.0
2015-04-26,26.0
2015-04-27,32.0
2015-04-28,32.0
2015-04-29,45.0
2015-04-30,35.0
2015-05-01,26.0
2015-05-02,36.0
2015-05-03,32.0
2015-05-04,33.0
2015-05-05,32.0
2015-05-06,36.0
2015-05-07,32.0
2015-05-08,43.0
2015-05-09,27.0
2015-05-10,30.0
2015-05-11,38.0
2015-05-12,31.0
2015-05-13,29.0
2015-05-14,34.0
2015-05-15,42.0
2015-05-16,40.0
2015-05-17,41.0
2015-05-18,45.0
2015-05-19,48.0
2015-05-20,45.0
2015-05-21,37.0
2015-05-22,47.0
2015-05-23,46.0
2015-05-24,46.0
2015-05-25,46.0
2015-05-26,41.0
2015-05-27,41.0
2015-05-28,40.0
2015-05-29,43.0
2015-05-30,46.0
2015-05-31,42.0
2015-06-01,38.0
2015-06-02,50.0
2015-06-03,46.0
2015-06-04,49.0
2015-06-05,50.0
2015-06-06,41.0
2015-06-07,42.0
2015-06-08,48.0
2015-06-09,56.0
2015-06-10,55.0
2015-06-11,43.0
2015-06-12,50.0
2015-06-13,44.0
2015-06-14,41.0
2015-06-15,46.0
2015-06-16,44.0
2015-06-17,44.0
2015-06-18,44.0
2015-06-19,45.0
2015-06-20,43.0
2015-06-21,49.0
2015-06-22,40.0
2015-06-23,43.0
2015-06-24,45.0
2015-06-25,47.0
2015-06-26,53.0
2015-06-27,57.0
2015-06-28,60.0
2015-06-29,57.0
2015-06-30,48.0
2015-07-01,54.0
2015-07-02,56.0
2015-07-03,67.0
2015-07-04,56.0
2015-07-05,59.0
2015-07-06,54.0
2015-07-07,55.0
2015-07-08,53.0
2015-07-09,52.0
2015-07-10,53.0
2015-07-11,52.0
2015-07-12,50.0
2015-07-13,43.0
2015-07-14,46.0
2015-07-15,50.0
2015-07-16,48.0
2015-07-17,48.0
2015-07-18,48.0
2015-07-19,47.0
2015-07-20,51.0
2015-07-21,51.0
2015-07-22,54.0
2015-07-23,46.0
2015-07-24,38.0
2015-07-25,40.0
2015-07-26,46.0
2015-07-27,40.0
2015-07-28,38.0
2015-07-29,42.0
2015-07-30,44.0
2015-07-31,49.0
2015-08-01,59.0
2015-08-02,61.0
2015-08-03,51.0
2015-08-04,46.0
2015-08-05,51.0
2015-08-06,44.0
2015-08-07,51.0
2015-08-08,45.0
2015-08-09,41.0
2015-08-10,50.0
2015-08-11,46.0
2015-08-12,43.0
2015-08-13,41.0
2015-08-14,41.0
2015-08-15,37.0
2015-08-16,40.0
2015-08-17,41.0
2015-08-18,41.0
2015-08-19,44.0
2015-08-20,46.0
2015-08-21,45.0
2015-08-22,42.0
2015-08-23,45.0
2015-08-24,48.0
2015-08-25,41.0
2015-08-26,39.0
2015-08-27,48.0
2015-08-28,46.0
2015-08-29,50.0
2015-08-30,37.0
2015-08-31,36.0
2015-09-01,39.0
2015-09-02,43.0
2015-09-03,44.0
2015-09-04,28.0
2015-09-05,32.0
2015-09-06,28.0
2015-09-07,32.0
2015-09-08,34.0
2015-09-09,37.0
2015-09-10,39.0
2015-09-11,44.0
2015-09-12,49.0
2015-09-13,50.0
2015-09-14,50.0
2015-09-15,45.0
2015-09-16,41.0
2015-09-17,37.0
2015-09-18,27.0
2015-09-19,31.0
2015-09-20,35.0
2015-09-21,37.0
2015-09-22,37.0
2015-09-23,33.0
2015-09-24,35.0
2015-09-25,36.0
2015-09-26,35.0
2015-09-27,35.0
2015-09-28,34.0
2015-09-29,34.0
2015-09-30,30.0
2015-10-01,45.0
2015-10-02,41.0
2015-10-03,30.0
2015-10-04,46.0
2015-10-05,32.0
2015-10-06,33.0
2015-10-07,37.0
2015-10-08,45.0
2015-10-09,35.0
2015-10-10,34.0
2015-10-11,35.0
2015-10-12,32.0
2015-10-13,33.0
2015-10-14,34.0
2015-10-15,36.0
2015-10-16,42.0
2015-10-17,48.0
2015-10-18,44.0
2015-10-19,37.0
2015-10-20,33.0
2015-10-21,27.0
2015-10-22,31.0
2015-10-23,23.0
2015-10-24,31.0
2015-10-25,36.0
2015-10-26,27.0
2015-10-27,30.0
2015-10-28,34.0
2015-10-29,28.0
2015-10-30,28.0
2015-10-31,30.0
2015-11-01,44.0
2015-11-02,35.0
2015-11-03,31.0
2015-11-04,24.0
2015-11-05,21.0
2015-11-06,20.0
2015-11-07,22.0
2015-11-08,34.0
2015-11-09,30.0
2015-11-10,22.0
2015-11-11,16.0
2015-11-12,20.0
2015-11-13,21.0
2015-11-14,24.0
2015-11-15,24.0
2015-11-16,18.0
2015-11-17,30.0
2015-11-18,38.0
2015-11-19,31.0
2015-11-20,27.0
2015-11-21,22.0
2015-11-22,22.0
2015-11-23,24.0
2015-11-24,21.0
2015-11-25,19.0
2015-11-26,10.0
2015-11-27,-4.0
2015-11-28,-6.0
2015-11-29,-5.0
2015-11-30,-3.0
2015-12-01,10.0
2015-12-02,33.0
2015-12-03,33.0
2015-12-04,22.0
2015-12-05,21.0
2015-12-06,32.0
2015-12-07,38.0
2015-12-08,36.0
2015-12-09,36.0
2015-12-10,33.0
2015-12-11,26.0
2015-12-12,31.0
2015-12-13,25.0
2015-12-14,14.0
2015-12-15,4.0
2015-12-16,6.0
2015-12-17,22.0
2015-12-18,35.0
2015-12-19,22.0
2015-12-20,22.0
2015-12-21,30.0
2015-12-22,30.0
2015-12-23,27.0
2015-12-24,21.0
2015-12-25,7.0
2015-12-26,-8.0
2015-12-27,16.0
2015-12-28,19.0
2015-12-29,3.0
2015-12-30,0.0
2015-12-31,-15.0
2016-01-01,-15.0
2016-01-02,-12.0
2016-01-03,22.0
2016-01-04,25.0
2016-01-05,30.0
2016-01-06,21.0
2016-01-07,28.0
2016-01-08,21.0
2016-01-09,24.0
2016-01-10,13.0
2016-01-11,13.0
2016-01-12,23.0
2016-01-13,25.0
2016-01-14,20.0
2016-01-15,25.0
2016-01-16,29.0
2016-01-17,30.0
2016-01-18,32.0
2016-01-19,37.0
2016-01-20,34.0
2016-01-21,33.0
2016-01-22,42.0
2016-01-23,33.0
2016-01-24,30.0
2016-01-25,25.0
2016-01-26,22.0
2016-01-27,25.0
2016-01-28,28.0
2016-01-29,32.0
2016-01-30,20.0
2016-01-31,19.0
2016-02-01,9.0
2016-02-02,9.0
2016-02-03,12.0
2016-02-04,16.0
2016-02-05,12.0
2016-02-06,25.0
2016-02-07,24.0
2016-02-08,25.0
2016-02-09,26.0
2016-02-10,27.0
2016-02-11,30.0
2016-02-12,32.0
2016-02-13,27.0
2016-02-14,35.0
2016-02-15,31.0
2016-02-16,28.0
2016-02-17,33.0
2016-02-18,32.0
2016-02-19,34.0
2016-02-20,28.0
2016-02-21,23.0
2016-02-22,23.0
2016-02-23,19.0
2016-02-24,28.0
2016-02-25,25.0
2016-02-26,29.0
2016-02-27,29.0
2016-02-28,28.0
2016-02-29,24.0
2016-03-01,38.0
2016-03-02,30.0
2016-03-03,33.0
2016-03-04,29.0
2016-03-05,40.0
2016-03-06,32.0
2016-03-07,25.0
2016-03-08,19.0
2016-03-09,33.0
2016-03-10,42.0
2016-03-11,33.0
2016-03-12,32.0
2016-03-13,33.0
2016-03-14,29.0
2016-03-15,29.0
2016-03-16,25.0
2016-03-17,24.0
2016-03-18,26.0
2016-03-19,30.0
2016-03-20,34.0
2016-03-21,30.0
2016-03-22,29.0
2016-03-23,24.0
2016-03-24,34.0
2016-03-25,22.0
2016-03-26,20.0
2016-03-27,34.0
2016-03-28,29.0
2016-03-29,32.0
2016-03-30,29.0
2016-03-31,25.0
2016-04-01,26.0
2016-04-02,29.0
2016-04-03,29.0
2016-04-04,30.0
2016-04-05,22.0
2016-04-06,28.0
2016-04-07,31.0
2016-04-08,37.0
2016-04-09,39.0
2016-04-10,43.0
2016-04-11,38.0
2016-04-12,43.0
2016-04-13,36.0
2016-04-14,30.0
2016-04-15,31.0
2016-04-16,25.0
2016-04-17,29.0
2016-04-18,30.0
2016-04-19,33.0
2016-04-20,38.0
2016-04-21,31.0
2016-04-22,39.0
2016-04-23,37.0
2016-04-24,33.0
2016-04-25,29.0
2016-04-26,25.0
2016-04-27,39.0
2016-04-28,34.0
2016-04-29,36.0
2016-04-30,38.0
2016-05-01,34.0
2016-05-02,37.0
2016-05-03,34.0
2016-05-04,47.0
2016-05-05,44.0
2016-05-06,40.0
2016-05-07,41.666666666666664
2016-05-08,43.333333333333336
2016-05-09,45.0
2016-05-10,33.0
2016-05-11,30.0
2016-05-12,34.0
2016-05-13,38.0
2016-05-14,45.0
2016-05-15,36.0
2016-05-16,41.0
2016-05-17,37.0
2016-05-18,37.0
2016-05-19,40.0
2016-05-20,35.0
2016-05-21,38.0
2016-05-22,39.0
2016-05-23,39.0
2016-05-24,32.0
2016-05-25,42.0
2016-05-26,37.0
2016-05-27,37.0
2016-05-28,34.0
2016-05-29,35.0
2016-05-30,37.0
2016-05-31,38.0
2016-06-01,40.0
2016-06-02,45.0
2016-06-03,41.0
2016-06-04,45.0
2016-06-05,52.0
2016-06-06,45.0
2016-06-07,52.0
2016-06-08,49.0
2016-06-09,42.0
2016-06-10,44.0
2016-06-11,42.0
2016-06-12,44.0
2016-06-13,36.0
2016-06-14,41.0
2016-06-15,38.0
2016-06-16,36.0
2016-06-17,41.0
2016-06-18,42.0
2016-06-19,33.0
2016-06-20,38.0
2016-06-21,44.0
2016-06-22,43.0
2016-06-23,44.0
2016-06-24,45.0
2016-06-25,37.0
2016-06-26,40.0
2016-06-27,46.0
2016-06-28,47.0
2016-06-29,49.0
2016-06-30,52.0
2016-07-01,52.0
2016-07-02,49.0
2016-07-03,51.0
2016-07-04,52.0
2016-07-05,43.0
2016-07-06,48.0
2016-07-07,43.0
2016-07-08,51.0
2016-07-09,52.0
2016-07-10,43.0
2016-07-11,31.0
2016-07-12,38.0
2016-07-13,39.0
2016-07-14,41.0
2016-07-15,47.0
2016-07-16,46.0
2016-07-17,43.0
2016-07-18,40.0
2016-07-19,38.0
2016-07-20,40.0
2016-07-21,41.0
2016-07-22,36.0
2016-07-23,43.0
2016-07-24,42.0
2016-07-25,49.0
2016-07-26,51.0
2016-07-27,50.0
2016-07-28,51.0
2016-07-29,52.0
2016-07-30,57.0
2016-07-31,50.0
2016-08-01,44.0
2016-08-02,44.0
2016-08-03,44.0
2016-08-04,43.0
2016-08-05,48.0
2016-08-06,42.0
2016-08-07,47.0
2016-08-08,41.0
2016-08-09,42.0
2016-08-10,49.0
2016-08-11,41.0
2016-08-12,44.0
2016-08-13,47.0
2016-08-14,47.0
2016-08-15,45.0
2016-08-16,48.0
2016-08-17,50.0
2016-08-18,50.0
2016-08-19,50.0
2016-08-20,48.0
2016-08-21,47.0
2016-08-22,46.0
2016-08-23,40.0
2016-08-24,37.0
2016-08-25,42.0
2016-08-26,38.0
2016-08-27,41.0
2016-08-28,43.0
2016-08-29,41.0
2016-08-30,47.0
2016-08-31,43.0
2016-09-01,37.0
2016-09-02,41.0
2016-09-03,32.0
2016-09-04,41.0
2016-09-05,30.0
2016-09-06,30.0
2016-09-07,35.0
2016-09-08,37.0
2016-09-09,38.0
2016-09-10,34.0
2016-09-11,38.0
2016-09-12,48.0
2016-09-13,44.0
2016-09-14,30.0
2016-09-15,26.0
2016-09-16,30.0
2016-09-17,35.0
2016-09-18,40.0
2016-09-19,44.0
2016-09-20,41.0
2016-09-21,33.0
2016-09-22,37.0
2016-09-23,24.0
2016-09-24,34.0
2016-09-25,31.0
2016-09-26,37.0
2016-09-27,36.0
2016-09-28,36.0
2016-09-29,37.0
2016-09-30,37.0
2016-10-01,25.0
2016-10-02,21.0
2016-10-03,34.0
2016-10-04,37.0
2016-10-05,29.0
2016-10-06,28.0
2016-10-07,26.0
2016-10-08,28.0
2016-10-09,30.0
2016-10-10,38.0
2016-10-11,29.0
2016-10-12,27.0
2016-10-13,45.0
2016-10-14,45.0
2016-10-15,40.0
2016-10-16,41.0
2016-10-17,39.0
2016-10-18,27.0
2016-10-19,23.0
2016-10-20,30.0
2016-10-21,27.0
2016-10-22,30.0
2016-10-23,50.0
2016-10-24,47.0
2016-10-25,46.0
2016-10-26,45.0
2016-10-27,44.0
2016-10-28,41.0
2016-10-29,43.0
2016-10-30,30.0
2016-10-31,39.0
2016-11-01,28.0
2016-11-02,23.0
2016-11-03,25.0
2016-11-04,26.0
2016-11-05,25.0
2016-11-06,44.0
2016-11-07,37.0
2016-11-08,36.0
2016-11-09,31.0
2016-11-10,30.0
2016-11-11,28.0
2016-11-12,31.0
2016-11-13,30.0
2016-11-14,30.0
2016-11-15,37.0
2016-11-16,17.0
2016-11-17,14.0
2016-11-18,20.0
2016-11-19,37.0
2016-11-20,24.0
2016-11-21,23.0
2016-11-22,20.0
2016-11-23,23.0
2016-11-24,20.0
2016-11-25,26.0
2016-11-26,21.0
2016-11-27,23.0
2016-11-28,29.0
2016-11-29,19.0
2016-11-30,17.0
2016-12-01,19.0
2016-12-02,13.0
2016-12-03,23.0
2016-12-04,21.0
2016-12-05,16.0
2016-12-06,13.0
2016-12-07,1.0
2016-12-08,24.0
2016-12-09,37.0
2016-12-10,30.0
2016-12-11,18.0
2016-12-12,20.0
2016-12-13,20.0
2016-12-14,32.0
2016-12-15,32.0
2016-12-16,16.0
2016-12-17,4.0
2016-12-18,1.0
2016-12-19,10.0
2016-12-20,22.0
2016-12-21,16.0
2016-12-22,15.0
2016-12-23,28.0
2016-12-24,8.0
2016-12-25,-2.0
2016-12-26,-4.0
2016-12-27,16.0
2016-12-28,13.0
2016-12-29,11.0
2016-12-30,13.0
2016-12-31,15.0
2017-01-01,13.0
2017-01-02,9.0
2017-01-03,21.0
2017-01-04,-8.0
2017-01-05,-21.0
2017-01-06,-23.0
2017-01-07,9.0
2017-01-08,36.0
2017-01-09,30.0
2017-01-10,34.0
2017-01-11,25.0
2017-01-12,13.0
2017-01-13,6.0
2017-01-14,10.0
2017-01-15,11.0
2017-01-16,9.0
2017-01-17,16.0
2017-01-18,33.0
2017-01-19,29.0
2017-01-20,30.0
2017-01-21,30.0
2017-01-22,28.0
2017-01-23,20.0
2017-01-24,17.0
2017-01-25,19.0
2017-01-26,18.0
2017-01-27,12.0
2017-01-28,14.0
2017-01-29,18.0
2017-01-30,17.0
2017-01-31,22.0
2017-02-01,22.0
2017-02-02,28.0
2017-02-03,37.0
2017-02-04,32.0
2017-02-05,37.0
2017-02-06,33.0
2017-02-07,33.0
2017-02-08,35.0
2017-02-09,39.0
2017-02-10,33.0
2017-02-11,24.0
2017-02-12,19.0
2017-02-13,27.0
2017-02-14,21.0
2017-02-15,32.0
2017-02-16,35.0
2017-02-17,33.0
2017-02-18,35.0
2017-02-19,32.0
2017-02-20,35.0
2017-02-21,30.0
2017-02-22,23.0
2017-02-23,13.0
2017-02-24,13.0
2017-02-25,15.0
2017-02-26,11.0
2017-02-27,10.0
2017-02-28,18.0
2017-03-01,14.0
2017-03-02,17.0
2017-03-03,24.0
2017-03-04,31.0
2017-03-05,21.0
2017-03-06,22.0
2017-03-07,32.0
2017-03-08,35.0
2017-03-09,38.0
2017-03-10,35.0
2017-03-11,30.0
2017-03-12,27.0
2017-03-13,27.0
2017-03-14,28.0
2017-03-15,40.0
2017-03-16,35.0
2017-03-17,29.0
2017-03-18,39.0
2017-03-19,39.0
2017-03-20,42.0
2017-03-21,39.0
2017-03-22,33.0
2017-03-23,25.0
2017-03-24,36.0
2017-03-25,29.0
2017-03-26,26.0
2017-03-27,30.0
2017-03-28,24.0
2017-03-29,31.0
2017-03-30,34.0
2017-03-31,30.0
2017-04-01,26.0
2017-04-02,37.0
2017-04-03,28.0
2017-04-04,29.0
2017-04-05,38.0
2017-04-06,41.0
2017-04-07,32.0
2017-04-08,25.0
2017-04-09,25.0
2017-04-10,35.0
2017-04-11,35.0
2017-04-12,41.0
2017-04-13,31.0
2017-04-14,25.0
2017-04-15,21.0
2017-04-16,32.0
2017-04-17,33.0
2017-04-18,32.0
2017-04-19,30.0
2017-04-20,30.0
2017-04-21,24.0
2017-04-22,35.0
2017-04-23,41.0
2017-04-24,37.0
2017-04-25,29.0
2017-04-26,39.0
2017-04-27,31.0
2017-04-28,30.0
2017-04-29,24.0
2017-04-30,34.0
2017-05-01,28.0
2017-05-02,40.0
2017-05-03,39.0
2017-05-04,42.0
2017-05-05,43.0
2017-05-06,41.0
2017-05-07,36.0
2017-05-08,31.0
2017-05-09,33.0
2017-05-10,35.0
2017-05-11,36.0
2017-05-12,35.0
2017-05-13,27.0
2017-05-14,25.0
2017-05-15,27.0
2017-05-16,31.0
2017-05-17,32.25
2017-05-18,33.5
2017-05-19,34.75
2017-05-20,36.0
2017-05-21,42.0
2017-05-22,40.0
2017-05-23,42.0
2017-05-24,46.0
2017-05-25,37.0
2017-05-26,37.0
2017-05-27,34.0
2017-05-28,37.0
2017-05-29,41.0
2017-05-30,42.0
2017-05-31,47.0
2017-06-01,48.0
2017-06-02,38.0
2017-06-03,45.0
2017-06-04,41.0
2017-06-05,35.0
2017-06-06,45.0
2017-06-07,38.0
2017-06-08,44.0
2017-06-09,39.0
2017-06-10,38.0
2017-06-11,35.0
2017-06-12,43.0
2017-06-13,39.0
2017-06-14,41.0
2017-06-15,43.0
2017-06-16,49.0
2017-06-17,54.0
2017-06-18,48.0
2017-06-19,59.0
2017-06-20,53.0
2017-06-21,59.0
2017-06-22,54.0
2017-06-23,50.0
2017-06-24,48.0
2017-06-25,50.0
2017-06-26,51.0
2017-06-27,44.0
2017-06-28,46.0
2017-06-29,42.0
2017-06-30,43.0
2017-07-01,54.0
2017-07-02,59.0
2017-07-03,51.0
2017-07-04,49.0
2017-07-05,42.0
2017-07-06,47.0
2017-07-07,45.0
2017-07-08,46.0
2017-07-09,49.0
2017-07-10,49.666666666666664
2017-07-11,50.333333333333336
2017-07-12,51.0
2017-07-13,47.0
2017-07-14,45.0
2017-07-15,49.0
2017-07-16,47.0
2017-07-17,46.0
2017-07-18,49.0
2017-07-19,39.0
2017-07-20,44.0
2017-07-21,46.0
2017-07-22,50.0
2017-07-23,54.0
2017-07-24,52.0
2017-07-25,52.0
2017-07-26,50.0
2017-07-27,49.0
2017-07-28,50.0
2017-07-29,51.0
2017-07-30,52.0
2017-07-31,55.0
2017-08-01,58.0
2017-08-02,57.0
2017-08-03,58.0
2017-08-04,56.0
2017-08-05,52.0
2017-08-06,52.0
2017-08-07,55.0
2017-08-08,50.0
2017-08-09,57.0
2017-08-10,51.0
2017-08-11,47.0
2017-08-12,50.0
2017-08-13,48.0
2017-08-14,58.0
2017-08-15,45.0
2017-08-16,47.0
2017-08-17,46.0
2017-08-18,45.0
2017-08-19,45.0
2017-08-20,49.0
2017-08-21,48.0
2017-08-22,55.0
2017-08-23,60.0
2017-08-24,48.0
2017-08-25,46.0
2017-08-26,44.0
2017-08-27,48.0
2017-08-28,51.0
2017-08-29,44.0
2017-08-30,49.0
2017-08-31,44.0
2017-09-01,43.0
2017-09-02,46.0
2017-09-03,48.0
2017-09-04,57.0
2017-09-05,51.0
2017-09-06,60.0
2017-09-07,53.0
2017-09-08,44.0
2017-09-09,46.0
2017-09-10,45.0
2017-09-11,49.0
2017-09-12,56.0
2017-09-13,45.0
2017-09-14,51.0
2017-09-15,37.0
2017-09-16,33.0
2017-09-17,33.0
2017-09-18,43.0
2017-09-19,33.0
2017-09-20,39.0
2017-09-21,36.0
2017-09-22,25.0
2017-09-23,23.0
2017-09-24,26.0
2017-09-25,26.0
2017-09-26,29.0
2017-09-27,32.0
2017-09-28,30.0
2017-09-29,36.0
2017-09-30,42.0
2017-10-01,34.0
2017-10-02,25.0
2017-10-03,36.0
2017-10-04,23.0
2017-10-05,21.0
2017-10-06,24.0
2017-10-07,27.0
2017-10-08,25.0
2017-10-09,21.0
2017-10-10,25.0
2017-10-11,25.0
2017-10-12,14.0
2017-10-13,18.0
2017-10-14,21.0
2017-10-15,18.0
2017-10-16,22.0
2017-10-17,25.0
2017-10-18,24.0
2017-10-19,24.0
2017-10-20,29.0
2017-10-21,32.0
2017-10-22,35.0
2017-10-23,33.0
2017-10-24,29.0
2017-10-25,30.0
2017-10-26,29.0
2017-10-27,29.0
2017-10-28,29.0
2017-10-29,30.0
2017-10-30,35.0
2017-10-31,22.0
2017-11-01,21.0
2017-11-02,33.0
2017-11-03,32.0
2017-11-04,31.0
2017-11-05,33.0
2017-11-06,22.0
2017-11-07,17.0
2017-11-08,36.0
2017-11-09,39.0
2017-11-10,34.0
2017-11-11,28.0
2017-11-12,26.0
2017-11-13,36.0
2017-11-14,30.0
2017-11-15,32.0
2017-11-16,33.0
2017-11-17,20.0
2017-11-18,17.0
2017-11-19,18.0
2017-11-20,37.0
2017-11-21,42.0
2017-11-22,34.0
2017-11-23,43.0
2017-11-24,30.0
2017-11-25,31.0
2017-11-26,40.0
2017-11-27,25.0
2017-11-28,20.0
2017-11-29,22.0
2017-11-30,19.0
2017-12-01,20.0
2017-12-02,21.0
2017-12-03,19.0
2017-12-04,14.0
2017-12-05,10.0
2017-12-06,13.0
2017-12-07,11.0
2017-12-08,14.0
2017-12-09,13.0
2017-12-10,12.0
2017-12-11,13.0
2017-12-12,9.0
2017-12-13,13.0
2017-12-14,12.0
2017-12-15,17.0
2017-12-16,20.0
2017-12-17,14.0
2017-12-18,18.0
2017-12-19,22.0
2017-12-20,4.0
2017-12-21,1.0
2017-12-22,6.0
2017-12-23,22.0
2017-12-24,24.0
2017-12-25,20.0
2017-12-26,15.0
2017-12-27,16.0
2017-12-28,14.0
2017-12-29,14.0
2017-12-30,30.0
2017-12-31,26.0
2018-01-01,23.0
2018-01-02,21.0
2018-01-03,30.0
2018-01-04,34.0
2018-01-05,38.0
2018-01-06,24.0
2018-01-07,18.0
2018-01-08,31.0
2018-01-09,35.0
2018-01-10,32.0
2018-01-11,30.0
2018-01-12,24.0
2018-01-13,23.0
2018-01-14,27.0
2018-01-15,27.0
2018-01-16,29.0
2018-01-17,30.0
2018-01-18,32.0
2018-01-19,20.0
2018-01-20,17.0
2018-01-21,14.0
2018-01-22,22.0
2018-01-23,17.0
2018-01-24,24.0
2018-01-25,17.0
2018-01-26,26.0
2018-01-27,29.0
2018-01-28,28.0
2018-01-29,30.0
2018-01-30,29.0
2018-01-31,23.0
2018-02-01,30.0
2018-02-02,24.0
2018-02-03,25.0
2018-02-04,23.0
2018-02-05,28.0
2018-02-06,18.0
2018-02-07,20.0
2018-02-08,23.0
2018-02-09,24.0
2018-02-10,15.0
2018-02-11,11.0
2018-02-12,23.0
2018-02-13,9.0
2018-02-14,24.0
2018-02-15,9.0
2018-02-16,11.0
2018-02-17,17.0
2018-02-18,20.0
2018-02-19,13.0
2018-02-20,0.0
2018-02-21,12.0
2018-02-22,18.0
2018-02-23,3.0
2018-02-24,12.0
2018-02-25,11.0
2018-02-26,19.0
2018-02-27,7.0
2018-02-28,11.0
2018-03-01,27.0
2018-03-02,16.0
2018-03-03,24.0
2018-03-04,19.0
2018-03-05,11.0
2018-03-06,17.0
2018-03-07,25.0
2018-03-08,37.0
2018-03-09,26.0
2018-03-10,22.0
2018-03-11,23.0
2018-03-12,23.0
2018-03-13,34.0
2018-03-14,28.0
2018-03-15,24.0
2018-03-16,22.0
2018-03-17,21.0
2018-03-18,22.0
2018-03-19,21.0
2018-03-20,31.0
2018-03-21,38.0
2018-03-22,32.0
2018-03-23,29.0
2018-03-24,17.0
2018-03-25,21.0
2018-03-26,17.0
2018-03-27,22.0
2018-03-28,25.0
2018-03-29,25.0
2018-03-30,23.0
2018-03-31,29.0
2018-04-01,26.0
2018-04-02,21.0
2018-04-03,14.0
2018-04-04,38.0
2018-04-05,40.0
2018-04-06,41.0
2018-04-07,41.0
2018-04-08,31.0
2018-04-09,26.0
2018-04-10,42.0
2018-04-11,31.0
2018-04-12,24.0
2018-04-13,22.0
2018-04-14,31.0
2018-04-15,32.0
2018-04-16,28.0
2018-04-17,23.0
2018-04-18,26.0
2018-04-19,33.0
2018-04-20,27.0
2018-04-21,30.0
2018-04-22,30.0
2018-04-23,33.0
2018-04-24,27.0
2018-04-25,34.0
2018-04-26,34.0
2018-04-27,37.0
2018-04-28,34.0
2018-04-29,31.0
2018-04-30,29.0
2018-05-01,31.0
2018-05-02,31.0
2018-05-03,31.0
2018-05-04,38.0
2018-05-05,41.0
2018-05-06,41.0
2018-05-07,34.0
2018-05-08,37.0
2018-05-09,44.0
2018-05-10,35.0
2018-05-11,38.0
2018-05-12,47.0
2018-05-13,40.0
2018-05-14,36.0
2018-05-15,37.0
2018-05-16,42.0
2018-05-17,46.0
2018-05-18,43.0
2018-05-19,36.0
2018-05-20,45.0
2018-05-21,39.0
2018-05-22,41.0
2018-05-23,47.0
2018-05-24,44.0
2018-05-25,45.0
2018-05-26,44.0
2018-05-27,40.0
2018-05-28,45.0
2018-05-29,44.0
2018-05-30,55.0
2018-05-31,52.0
2018-06-01,49.0
2018-06-02,46.0
2018-06-03,43.0
2018-06-04,40.0
2018-06-05,37.0
2018-06-06,37.0
2018-06-07,40.0
2018-06-08,39.0
2018-06-09,33.0
2018-06-10,30.0
2018-06-11,35.0
2018-06-12,40.0
2018-06-13,42.0
2018-06-14,46.0
2018-06-15,42.0
2018-06-16,40.0
2018-06-17,46.0
2018-06-18,38.0
2018-06-19,37.0
2018-06-20,43.0
2018-06-21,43.0
2018-06-22,43.0
2018-06-23,42.0
2018-06-24,44.0
2018-06-25,47.0
2018-06-26,41.0
2018-06-27,42.0
2018-06-28,49.0
2018-06-29,42.0
2018-06-30,49.0
2018-07-01,45.0
2018-07-02,45.0
2018-07-03,47.0
2018-07-04,40.0
2018-07-05,42.0
2018-07-06,45.0
2018-07-07,39.0
2018-07-08,44.0
2018-07-09,39.0
2018-07-10,44.0
2018-07-11,45.0
2018-07-12,51.0
2018-07-13,53.0
2018-07-14,60.0
2018-07-15,54.0
2018-07-16,46.0
2018-07-17,49.0
2018-07-18,49.0
2018-07-19,49.0
2018-07-20,47.0
2018-07-21,46.0
2018-07-22,47.0
2018-07-23,54.0
2018-07-24,54.0
2018-07-25,54.0
2018-07-26,52.0
2018-07-27,50.0
2018-07-28,44.0
2018-07-29,43.0
2018-07-30,53.0
2018-07-31,48.0
2018-08-01,49.0
2018-08-02,46.0
2018-08-03,44.0
2018-08-04,40.0
2018-08-05,38.0
2018-08-06,41.0
2018-08-07,44.0
2018-08-08,46.0
2018-08-09,48.0
2018-08-10,47.0
2018-08-11,47.0
2018-08-12,42.0
2018-08-13,40.0
2018-08-14,40.0
2018-08-15,52.0
2018-08-16,45.0
2018-08-17,44.0
2018-08-18,38.0
2018-08-19,41.0
2018-08-20,40.0
2018-08-21,47.0
2018-08-22,41.0
2018-08-23,40.0
2018-08-24,39.0
2018-08-25,37.0
2018-08-26,38.0
2018-08-27,44.0
2018-08-28,40.0
2018-08-29,39.0
2018-08-30,41.0
2018-08-31,41.0
2018-09-01,35.0
2018-09-02,36.0
2018-09-03,39.0
2018-09-04,40.0
2018-09-05,40.0
2018-09-06,39.0
2018-09-07,37.0
2018-09-08,39.0
2018-09-09,32.0
2018-09-10,38.0
2018-09-11,33.0
2018-09-12,35.0
2018-09-13,34.0
2018-09-14,26.0
2018-09-15,32.0
2018-09-16,25.0
2018-09-17,23.0
2018-09-18,27.0
2018-09-19,30.0
2018-09-20,26.0
2018-09-21,28.0
2018-09-22,33.0
2018-09-23,35.0
2018-09-24,25.0
2018-09-25,25.0
2018-09-26,27.0
2018-09-27,32.0
2018-09-28,33.0
2018-09-29,35.0
2018-09-30,36.0
2018-10-01,33.0
2018-10-02,45.0
2018-10-03,38.0
2018-10-04,40.0
2018-10-05,31.0
2018-10-06,38.0
2018-10-07,34.0
2018-10-08,38.0
2018-10-09,37.0
2018-10-10,31.0
2018-10-11,23.0
2018-10-12,24.0
2018-10-13,24.0
2018-10-14,24.0
2018-10-15,15.0
2018-10-16,20.0
2018-10-17,22.0
2018-10-18,24.0
2018-10-19,22.0
2018-10-20,24.0
2018-10-21,22.0
2018-10-22,24.0
2018-10-23,23.0
2018-10-24,30.0
2018-10-25,26.0
2018-10-26,29.0
2018-10-27,31.0
2018-10-28,32.0
2018-10-29,24.0
2018-10-30,14.0
2018-10-31,25.0
2018-11-01,30.0
2018-11-02,23.0
2018-11-03,23.0
2018-11-04,25.0
2018-11-05,19.0
2018-11-06,11.0
2018-11-07,7.0
2018-11-08,11.0
2018-11-09,5.0
2018-11-10,11.0
2018-11-11,7.0
2018-11-12,7.0
2018-11-13,18.0
2018-11-14,15.0
2018-11-15,17.0
2018-11-16,12.0
2018-11-17,15.0
2018-11-18,15.0
2018-11-19,8.0
2018-11-20,9.0
2018-11-21,24.0
2018-11-22,33.0
2018-11-23,38.0
2018-11-24,29.0
2018-11-25,27.0
2018-11-26,27.0
2018-11-27,35.0
2018-11-28,34.0
2018-11-29,33.0
2018-11-30,30.0
2018-12-01,27.0
2018-12-02,13.0
2018-12-03,8.0
2018-12-04,14.0
2018-12-05,19.0
2018-12-06,14.0
2018-12-07,17.0
2018-12-08,21.0
2018-12-09,24.0
2018-12-10,18.0
2018-12-11,15.0
2018-12-12,23.0
2018-12-13,20.0
2018-12-14,27.0
2018-12-15,32.0
2018-12-16,40.0
2018-12-17,32.0
2018-12-18,36.0
2018-12-19,25.0
2018-12-20,25.0
2018-12-21,18.0
2018-12-22,12.0
2018-12-23,30.0
2018-12-24,33.0
2018-12-25,19.0
2018-12-26,14.0
2018-12-27,23.0
2018-12-28,15.0
2018-12-29,21.0
2018-12-30,23.0
2018-12-31,15.0
2019-01-01,9.0
2019-01-02,11.0
2019-01-03,17.0
2019-01-04,25.0
2019-01-05,23.0
2019-01-06,26.0
2019-01-07,27.0
2019-01-08,32.0
2019-01-09,37.0
2019-01-10,23.0
2019-01-11,24.0
2019-01-12,19.0
2019-01-13,13.0
2019-01-14,12.0
2019-01-15,22.0
2019-01-16,33.0
2019-01-17,29.0
2019-01-18,29.0
2019-01-19,33.0
2019-01-20,32.0
2019-01-21,19.0
2019-01-22,17.0
2019-01-23,20.0
2019-01-24,20.0
2019-01-25,18.0
2019-01-26,18.0
2019-01-27,23.0
2019-01-28,19.0
2019-01-29,26.0
2019-01-30,19.0
2019-01-31,18.0
2019-02-01,32.0
2019-02-02,33.0
2019-02-03,28.0
2019-02-04,21.0
2019-02-05,13.0
2019-02-06,5.0
2019-02-07,-3.0
2019-02-08,16.0
2019-02-09,17.0
2019-02-10,4.0
2019-02-11,21.0
2019-02-12,13.0
2019-02-13,29.0
2019-02-14,36.0
2019-02-15,26.5
2019-02-16,17.0
2019-02-17,5.0
2019-02-18,1.0
2019-02-19,-3.0
2019-02-20,17.0
2019-02-21,9.0
2019-02-22,-3.0
2019-02-23,14.0
2019-02-24,28.0
2019-02-25,34.0
2019-02-26,36.0
2019-02-27,34.0
2019-02-28,25.0
2019-03-01,20.0
2019-03-02,30.0
2019-03-03,27.0
2019-03-04,26.0
2019-03-05,26.0
2019-03-06,34.0
2019-03-07,32.0
2019-03-08,25.0
2019-03-09,25.0
2019-03-10,27.0
2019-03-11,21.0
2019-03-12,23.0
2019-03-13,18.0
2019-03-14,15.0
2019-03-15,18.0
2019-03-16,18.0
2019-03-17,20.0
2019-03-18,24.0
2019-03-19,27.0
2019-03-20,39.0
2019-03-21,35.0
2019-03-22,25.0
2019-03-23,33.0
2019-03-24,25.0
2019-03-25,34.0
2019-03-26,35.0
2019-03-27,33.0
2019-03-28,29.0
2019-03-29,25.0
2019-03-30,19.0
2019-03-31,21.0
2019-04-01,36.0
2019-04-02,39.0
2019-04-03,37.0
2019-04-04,35.0
2019-04-05,34.0
2019-04-06,36.0
2019-04-07,47.0
2019-04-08,33.0
2019-04-09,32.0
2019-04-10,29.0
2019-04-11,37.0
2019-04-12,34.0
2019-04-13,26.0
2019-04-14,38.0
2019-04-15,36.0
2019-04-16,32.0
2019-04-17,27.0
2019-04-18,32.0
2019-04-19,36.0
2019-04-20,43.0
2019-04-21,36.0
2019-04-22,31.0
2019-04-23,38.0
2019-04-24,38.0
2019-04-25,39.0
2019-04-26,42.0
2019-04-27,32.0
2019-04-28,36.0
2019-04-29,28.0
2019-04-30,26.0
2019-05-01,21.0
2019-05-02,24.0
2019-05-03,27.0
2019-05-04,32.0
2019-05-05,34.0
2019-05-06,40.0
2019-05-07,39.0
2019-05-08,38.0
2019-05-09,46.0
2019-05-10,36.0
2019-05-11,33.0
2019-05-12,38.0
2019-05-13,38.0
2019-05-14,44.0
2019-05-15,47.0
2019-05-16,37.0
2019-05-17,37.0
2019-05-18,35.0
2019-05-19,38.0
2019-05-20,37.0
2019-05-21,35.0
2019-05-22,39.0
2019-05-23,37.0
2019-05-24,32.0
2019-05-25,36.0
2019-05-26,41.0
2019-05-27,46.0
2019-05-28,46.0
2019-05-29,42.0
2019-05-30,42.0
2019-05-31,41.0
2019-06-01,46.0
2019-06-02,42.0
2019-06-03,47.0
2019-06-04,45.0
2019-06-05,42.0
2019-06-06,46.0
2019-06-07,37.0
2019-06-08,30.0
2019-06-09,32.0
2019-06-10,34.0
2019-06-11,43.0
2019-06-12,45.0
2019-06-13,49.0
2019-06-14,45.0
2019-06-15,44.0
2019-06-16,46.0
2019-06-17,50.0
2019-06-18,50.0
2019-06-19,43.0
2019-06-20,39.0
2019-06-21,33.0
2019-06-22,41.0
2019-06-23,42.0
2019-06-24,39.0
2019-06-25,41.0
2019-06-26,43.0
2019-06-27,35.0
2019-06-28,38.0
2019-06-29,35.0
2019-06-30,40.0
2019-07-01,36.0
2019-07-02,45.0
2019-07-03,38.0
2019-07-04,38.0
2019-07-05,40.0
2019-07-06,45.0
2019-07-07,45.0
2019-07-08,40.0
2019-07-09,45.0
2019-07-10,47.0
2019-07-11,46.0
2019-07-12,47.0
2019-07-13,48.0
2019-07-14,46.0
2019-07-15,48.0
2019-07-16,49.0
2019-07-17,49.0
2019-07-18,47.0
2019-07-19,47.0
2019-07-20,46.0
2019-07-21,49.0
2019-07-22,51.0
2019-07-23,48.0
2019-07-24,42.0
2019-07-25,44.0
2019-07-26,57.0
2019-07-27,51.0
2019-07-28,48.0
2019-07-29,53.0
2019-07-30,43.0
2019-07-31,42.0
2019-08-01,45.0
2019-08-02,44.0
2019-08-03,47.0
2019-08-04,47.0
2019-08-05,45.0
2019-08-06,53.0
2019-08-07,49.0
2019-08-08,47.0
2019-08-09,46.0
2019-08-10,44.0
2019-08-11,36.0
2019-08-12,40.0
2019-08-13,42.0
2019-08-14,43.0
2019-08-15,49.0
2019-08-16,45.0
2019-08-17,43.0
2019-08-18,44.0
2019-08-19,40.0
2019-08-20,40.0
2019-08-21,42.0
2019-08-22,53.0
2019-08-23,43.0
2019-08-24,47.0
2019-08-25,49.0
2019-08-26,43.0
2019-08-27,45.0
2019-08-28,50.0
2019-08-29,50.0
2019-08-30,48.0
2019-08-31,45.0
2019-09-01,41.0
2019-09-02,40.0
2019-09-03,46.0
2019-09-04,39.0
2019-09-05,55.0
2019-09-06,47.0
2019-09-07,38.0
2019-09-08,46.0
2019-09-09,45.0
2019-09-10,41.0
2019-09-11,35.0
2019-09-12,33.0
2019-09-13,36.0
2019-09-14,37.0
2019-09-15,37.0
2019-09-16,39.0
2019-09-17,31.0
2019-09-18,45.0
2019-09-19,44.0
2019-09-20,40.0
2019-09-21,32.0
2019-09-22,35.0
2019-09-23,36.0
2019-09-24,39.0
2019-09-25,44.0
2019-09-26,36.0
2019-09-27,47.0
2019-09-28,35.0
2019-09-29,31.0
2019-09-30,32.0
2019-10-01,26.0
2019-10-02,20.0
2019-10-03,32.0
2019-10-04,28.0
2019-10-05,22.0
2019-10-06,23.0
2019-10-07,28.0
2019-10-08,30.0
2019-10-09,27.0
2019-10-10,15.0
2019-10-11,16.0
2019-10-12,18.0
2019-10-13,23.0
2019-10-14,22.0
2019-10-15,23.0
2019-10-16,22.0
2019-10-17,28.0
2019-10-18,32.0
2019-10-19,33.0
2019-10-20,26.0
2019-10-21,27.0
2019-10-22,26.0
2019-10-23,25.0
2019-10-24,23.0
2019-10-25,25.0
2019-10-26,26.0
2019-10-27,17.0
2019-10-28,8.0
2019-10-29,16.0
2019-10-30,5.0
2019-10-31,11.0
2019-11-01,14.0
2019-11-02,17.0
2019-11-03,17.0
2019-11-04,20.0
2019-11-05,19.0
2019-11-06,26.0
2019-11-07,18.0
2019-11-08,20.0
2019-11-09,19.0
2019-11-10,27.0
2019-11-11,25.0
2019-11-12,26.0
2019-11-13,20.0
2019-11-14,30.0
2019-11-15,30.0
2019-11-16,21.0
2019-11-17,20.0
2019-11-18,22.0
2019-11-19,40.0
2019-11-20,31.0
2019-11-21,16.0
2019-11-22,13.0
2019-11-23,14.0
2019-11-24,13.0
2019-11-25,24.0
2019-11-26,14.0
2019-11-27,20.0
2019-11-28,2.0
2019-11-29,10.0
2019-11-30,13.0
2019-12-01,32.0
2019-12-02,26.0
2019-12-03,25.0
2019-12-04,26.0
2019-12-05,30.0
2019-12-06,32.0
2019-12-07,34.0
2019-12-08,26.0
2019-12-09,25.0
2019-12-10,21.0
2019-12-11,35.0
2019-12-12,39.0
2019-12-13,35.0
2019-12-14,29.0
2019-12-15,19.0
2019-12-16,11.0
2019-12-17,17.0
2019-12-18,26.0
2019-12-19,33.0
2019-12-20,39.0
2019-12-21,40.0
2019-12-22,21.0
2019-12-23,21.0
2019-12-24,26.0
2019-12-25,23.0
2019-12-26,13.0
2019-12-27,9.0
2019-12-28,12.0
2019-12-29,21.0
2019-12-30,16.0
2019-12-31,20.0
2020-01-01,29.0
2020-01-02,24.0
2020-01-03,21.0
2020-01-04,31.0
2020-01-05,21.0
2020-01-06,18.0
2020-01-07,18.0
2020-01-08,29.0
2020-01-09,8.0
2020-01-10,5.0
2020-01-11,25.0
2020-01-12,26.0
2020-01-13,24.0
2020-01-14,24.0
2020-01-15,14.0
2020-01-16,24.0
2020-01-17,24.0
2020-01-18,19.0
2020-01-19,12.0
2020-01-20,32.0
2020-01-21,32.0
2020-01-22,29.0
2020-01-23,24.0
2020-01-24,30.0
2020-01-25,33.0
2020-01-26,33.0
2020-01-27,34.0
2020-01-28,29.0
2020-01-29,24.0
2020-01-30,29.0
2020-01-31,24.0
2020-02-01,23.0
2020-02-02,19.0
2020-02-03,10.0
2020-02-04,16.0
2020-02-05,25.0
2020-02-06,25.0
2020-02-07,18.0
2020-02-08,21.0
2020-02-09,21.0
2020-02-10,13.0
2020-02-11,15.0
2020-02-12,16.0
2020-02-13,11.0
2020-02-14,20.0
2020-02-15,24.0
2020-02-16,29.0
2020-02-17,14.0
2020-02-18,9.0
2020-02-19,11.0
2020-02-20,17.0
2020-02-21,20.0
2020-02-22,17.0
2020-02-23,16.0
2020-02-24,13.0
2020-02-25,15.0
2020-02-26,14.0
2020-02-27,16.0
2020-02-28,18.0
2020-02-29,22.0
2020-03-01,21.0
2020-03-02,15.0
2020-03-03,16.0
2020-03-04,18.0
2020-03-05,16.0
2020-03-06,24.0
2020-03-07,28.0
2020-03-08,22.0
2020-03-09,23.0
2020-03-10,18.0
2020-03-11,17.0
2020-03-12,18.0
2020-03-13,13.0
2020-03-14,28.0
2020-03-15,26.0
2020-03-16,27.0
2020-03-17,28.0
2020-03-18,17.0
2020-03-19,12.0
2020-03-20,8.0
2020-03-21,19.0
2020-03-22,20.0
2020-03-23,27.0
2020-03-24,29.0
2020-03-25,22.0
2020-03-26,17.0
2020-03-27,18.0
2020-03-28,33.0
2020-03-29,33.0
2020-03-30,36.0
2020-03-31,42.0
2020-04-01,22.0
2020-04-02,18.0
2020-04-03,16.0
2020-04-04,20.0
2020-04-05,32.0
2020-04-06,28.0
2020-04-07,23.0
2020-04-08,27.0
2020-04-09,41.0
2020-04-10,31.0
2020-04-11,31.0
2020-04-12,32.0
2020-04-13,24.0
2020-04-14,15.0
2020-04-15,29.0
2020-04-16,30.0
2020-04-17,17.0
2020-04-18,26.0
2020-04-19,32.0
2020-04-20,28.0
2020-04-21,34.0
2020-04-22,30.0
2020-04-23,36.0
2020-04-24,35.0
2020-04-25,37.0
2020-04-26,36.0
2020-04-27,40.0
2020-04-28,36.0
2020-04-29,45.0
2020-04-30,40.0
2020-05-01,30.0
2020-05-02,31.0
2020-05-03,32.0
2020-05-04,24.0
2020-05-05,30.0
2020-05-06,38.0
2020-05-07,28.0
2020-05-08,28.0
2020-05-09,34.0
2020-05-10,39.0
2020-05-11,41.0
2020-05-12,33.0
2020-05-13,38.0
2020-05-14,40.0
2020-05-15,39.0
2020-05-16,41.0
2020-05-17,44.0
2020-05-18,35.0
2020-05-19,34.0
2020-05-20,36.0
2020-05-21,29.0
2020-05-22,34.0
2020-05-23,25.0
2020-05-24,32.0
2020-05-25,38.0
2020-05-26,47.0
2020-05-27,46.0
2020-05-28,48.0
2020-05-29,46.0
2020-05-30,48.0
2020-05-31,43.0
2020-06-01,45.0
2020-06-02,40.0
2020-06-03,41.0
2020-06-04,48.0
2020-06-05,43.0
2020-06-06,38.0
2020-06-07,32.0
2020-06-08,34.0
2020-06-09,35.0
2020-06-10,38.0
2020-06-11,42.0
2020-06-12,47.0
2020-06-13,39.0
2020-06-14,38.0
2020-06-15,47.0
2020-06-16,34.0
2020-06-17,28.0
2020-06-18,34.0
2020-06-19,37.0
2020-06-20,47.0
2020-06-21,46.0
2020-06-22,47.0
2020-06-23,47.0
2020-06-24,52.0
2020-06-25,48.0
2020-06-26,48.0
2020-06-27,51.0
2020-06-28,46.0
2020-06-29,38.0
2020-06-30,40.0
2020-07-01,37.0
2020-07-02,34.0
2020-07-03,40.0
2020-07-04,39.0
2020-07-05,37.0
2020-07-06,39.0
2020-07-07,41.0
2020-07-08,39.0
2020-07-09,42.0
2020-07-10,44.0
2020-07-11,41.0
2020-07-12,41.0
2020-07-13,49.0
2020-07-14,46.0
2020-07-15,49.0
2020-07-16,46.0
2020-07-17,50.0
2020-07-18,48.0
2020-07-19,46.0
2020-07-20,49.0
2020-07-21,50.0
2020-07-22,53.0
2020-07-23,47.0
2020-07-24,49.0
2020-07-25,46.0
2020-07-26,48.0
2020-07-27,54.0
2020-07-28,47.0
2020-07-29,47.0
2020-07-30,43.0
2020-07-31,42.0
2020-08-01,41.0
2020-08-02,45.0
2020-08-03,47.0
2020-08-04,50.0
2020-08-05,49.0
2020-08-06,45.0
2020-08-07,48.0
2020-08-08,42.0
2020-08-09,48.0
2020-08-10,49.0
2020-08-11,49.0
2020-08-12,48.0
2020-08-13,41.0
2020-08-14,42.0
2020-08-15,50.0
2020-08-16,52.0
2020-08-17,51.0
2020-08-18,53.0
2020-08-19,45.0
2020-08-20,40.0
2020-08-21,43.0
2020-08-22,44.0
2020-08-23,43.0
2020-08-24,56.0
2020-08-25,52.0
2020-08-26,44.0
2020-08-27,47.0
2020-08-28,45.0
2020-08-29,41.0
2020-08-30,39.0
2020-08-31,39.0
2020-09-01,44.0
2020-09-02,43.0
2020-09-03,44.0
2020-09-04,47.0
2020-09-05,45.0
2020-09-06,46.0
2020-09-07,45.0
2020-09-08,46.0
2020-09-09,30.0
2020-09-10,31.0
2020-09-11,35.0
2020-09-12,37.0
2020-09-13,37.0
2020-09-14,36.0
2020-09-15,35.0
2020-09-16,36.0
2020-09-17,32.0
2020-09-18,43.0
2020-09-19,40.0
2020-09-20,31.0
2020-09-21,32.0
2020-09-22,39.0
2020-09-23,37.0
2020-09-24,41.0
2020-09-25,36.0
2020-09-26,44.0
2020-09-27,33.0
2020-09-28,35.0
2020-09-29,32.0
2020-09-30,36.0
2020-10-01,30.0
2020-10-02,32.0
2020-10-03,30.0
2020-10-04,34.0
2020-10-05,28.0
2020-10-06,26.0
2020-10-07,28.0
2020-10-08,23.0
2020-10-09,25.0
2020-10-10,34.0
2020-10-11,27.0
2020-10-12,27.0
2020-10-13,32.0
2020-10-14,34.0
2020-10-15,27.0
2020-10-16,23.0
2020-10-17,29.0
2020-10-18,30.0
2020-10-19,29.0
2020-10-20,27.0
2020-10-21,28.0
2020-10-22,23.0
2020-10-23,18.0
2020-10-24,24.0
2020-10-25,22.0
2020-10-26,7.0
2020-10-27,14.0
2020-10-28,15.0
2020-10-29,16.0
2020-10-30,18.0
2020-10-31,22.0
2020-11-01,21.0
2020-11-02,21.0
2020-11-03,21.0
2020-11-04,22.0
