Datetime,DailyPeakWindDirection
2011-01-01,130.0
2011-01-02,190.0
2011-01-03,60.0
2011-01-04,270.0
2011-01-05,50.0
2011-01-06,60.0
2011-01-07,90.0
2011-01-08,300.0
2011-01-09,80.0
2011-01-10,60.0
2011-01-11,170.0
2011-01-12,170.0
2011-01-13,280.0
2011-01-14,70.0
2011-01-15,60.0
2011-01-16,250.0
2011-01-17,310.0
2011-01-18,260.0
2011-01-19,320.0
2011-01-20,80.0
2011-01-21,110.0
2011-01-22,20.0
2011-01-23,270.0
2011-01-24,110.0
2011-01-25,10.0
2011-01-26,70.0
2011-01-27,60.0
2011-01-28,270.0
2011-01-29,260.0
2011-01-30,200.0
2011-01-31,20.0
2011-02-01,20.0
2011-02-02,80.0
2011-02-03,90.0
2011-02-04,70.0
2011-02-05,300.0
2011-02-06,110.0
2011-02-07,310.0
2011-02-08,10.0
2011-02-09,360.0
2011-02-10,140.0
2011-02-11,160.0
2011-02-12,230.0
2011-02-13,200.0
2011-02-14,200.0
2011-02-15,200.0
2011-02-16,260.0
2011-02-17,180.0
2011-02-18,190.0
2011-02-19,270.0
2011-02-20,290.0
2011-02-21,290.0
2011-02-22,330.0
2011-02-23,260.0
2011-02-24,160.0
2011-02-25,10.0
2011-02-26,20.0
2011-02-27,180.0
2011-02-28,130.0
2011-03-01,170.0
2011-03-02,190.0
2011-03-03,230.0
2011-03-04,180.0
2011-03-05,180.0
2011-03-06,300.0
2011-03-07,300.0
2011-03-08,220.0
2011-03-09,190.0
2011-03-10,260.0
2011-03-11,90.0
2011-03-12,210.0
2011-03-13,180.0
2011-03-14,230.0
2011-03-15,260.0
2011-03-16,230.0
2011-03-17,170.0
2011-03-18,190.0
2011-03-19,180.0
2011-03-20,170.0
2011-03-21,300.0
2011-03-22,210.0
2011-03-23,190.0
2011-03-24,180.0
2011-03-25,220.0
2011-03-26,270.0
2011-03-27,260.0
2011-03-28,200.0
2011-03-29,260.0
2011-03-30,340.0
2011-03-31,310.0
2011-04-01,260.0
2011-04-02,300.0
2011-04-03,90.0
2011-04-04,270.0
2011-04-05,260.0
2011-04-06,220.0
2011-04-07,90.0
2011-04-08,10.0
2011-04-09,360.0
2011-04-10,210.0
2011-04-11,340.0
2011-04-12,210.0
2011-04-13,310.0
2011-04-14,260.0
2011-04-15,260.0
2011-04-16,270.0
2011-04-17,320.0
2011-04-18,80.0
2011-04-19,200.0
2011-04-20,90.0
2011-04-21,210.0
2011-04-22,270.0
2011-04-23,260.0
2011-04-24,300.0
2011-04-25,250.0
2011-04-26,90.0
2011-04-27,210.0
2011-04-28,270.0
2011-04-29,330.0
2011-04-30,230.0
2011-05-01,30.0
2011-05-02,260.0
2011-05-03,30.0
2011-05-04,130.0
2011-05-05,240.0
2011-05-06,240.0
2011-05-07,220.0
2011-05-08,320.0
2011-05-09,10.0
2011-05-10,330.0
2011-05-11,230.0
2011-05-12,270.0
2011-05-13,190.0
2011-05-14,30.0
2011-05-15,230.0
2011-05-16,180.0
2011-05-17,170.0
2011-05-18,350.0
2011-05-19,330.0
2011-05-20,30.0
2011-05-21,150.0
2011-05-22,180.0
2011-05-23,280.0
2011-05-24,260.0
2011-05-25,240.0
2011-05-26,240.0
2011-05-27,250.0
2011-05-28,290.0
2011-05-29,320.0
2011-05-30,260.0
2011-05-31,180.0
2011-06-01,260.0
2011-06-02,250.0
2011-06-03,90.0
2011-06-04,150.0
2011-06-05,210.0
2011-06-06,260.0
2011-06-07,330.0
2011-06-08,330.0
2011-06-09,10.0
2011-06-10,240.0
2011-06-11,270.0
2011-06-12,320.0
2011-06-13,30.0
2011-06-14,160.0
2011-06-15,320.0
2011-06-16,210.0
2011-06-17,310.0
2011-06-18,310.0
2011-06-19,360.0
2011-06-20,330.0
2011-06-21,210.0
2011-06-22,270.0
2011-06-23,280.0
2011-06-24,260.0
2011-06-25,240.0
2011-06-26,260.0
2011-06-27,250.0
2011-06-28,180.0
2011-06-29,280.0
2011-06-30,340.0
2011-07-01,10.0
2011-07-02,270.0
2011-07-03,300.0
2011-07-04,230.0
2011-07-05,330.0
2011-07-06,250.0
2011-07-07,310.0
2011-07-08,30.0
2011-07-09,270.0
2011-07-10,280.0
2011-07-11,280.0
2011-07-12,260.0
2011-07-13,270.0
2011-07-14,90.0
2011-07-15,270.0
2011-07-16,250.0
2011-07-17,170.0
2011-07-18,100.0
2011-07-19,280.0
2011-07-20,260.0
2011-07-21,20.0
2011-07-22,260.0
2011-07-23,260.0
2011-07-24,260.0
2011-07-25,270.0
2011-07-26,320.0
2011-07-27,340.0
2011-07-28,250.0
2011-07-29,260.0
2011-07-30,290.0
2011-07-31,260.0
2011-08-01,270.0
2011-08-02,200.0
2011-08-03,290.0
2011-08-04,160.0
2011-08-05,190.0
2011-08-06,250.0
2011-08-07,270.0
2011-08-08,250.0
2011-08-09,30.0
2011-08-10,250.0
2011-08-11,260.0
2011-08-12,260.0
2011-08-13,290.0
2011-08-14,260.0
2011-08-15,270.0
2011-08-16,250.0
2011-08-17,250.0
2011-08-18,340.0
2011-08-19,90.0
2011-08-20,190.0
2011-08-21,260.0
2011-08-22,260.0
2011-08-23,120.0
2011-08-24,270.0
2011-08-25,150.0
2011-08-26,160.0
2011-08-27,180.0
2011-08-28,260.0
2011-08-29,240.0
2011-08-30,310.0
2011-08-31,330.0
2011-09-01,330.0
2011-09-02,10.0
2011-09-03,30.0
2011-09-04,200.0
2011-09-05,260.0
2011-09-06,170.0
2011-09-07,220.0
2011-09-08,80.0
2011-09-09,30.0
2011-09-10,10.0
2011-09-11,210.0
2011-09-12,130.0
2011-09-13,80.0
2011-09-14,210.0
2011-09-15,310.0
2011-09-16,280.0
2011-09-17,280.0
2011-09-18,270.0
2011-09-19,240.0
2011-09-20,340.0
2011-09-21,300.0
2011-09-22,280.0
2011-09-23,150.0
2011-09-24,260.0
2011-09-25,280.0
2011-09-26,160.0
2011-09-27,320.0
2011-09-28,330.0
2011-09-29,180.0
2011-09-30,190.0
2011-10-01,190.0
2011-10-02,200.0
2011-10-03,190.0
2011-10-04,180.0
2011-10-05,240.0
2011-10-06,310.0
2011-10-07,330.0
2011-10-08,120.0
2011-10-09,230.0
2011-10-10,260.0
2011-10-11,270.0
2011-10-12,140.0
2011-10-13,260.0
2011-10-14,240.0
2011-10-15,270.0
2011-10-16,330.0
2011-10-17,40.0
2011-10-18,160.0
2011-10-19,270.0
2011-10-20,260.0
2011-10-21,30.0
2011-10-22,290.0
2011-10-23,270.0
2011-10-24,10.0
2011-10-25,10.0
2011-10-26,20.0
2011-10-27,150.0
2011-10-28,250.0
2011-10-29,340.0
2011-10-30,30.0
2011-10-31,360.0
2011-11-01,30.0
2011-11-02,170.0
2011-11-03,290.0
2011-11-04,320.0
2011-11-05,270.0
2011-11-06,250.0
2011-11-07,270.0
2011-11-08,70.0
2011-11-09,150.0
2011-11-10,170.0
2011-11-11,190.0
2011-11-12,290.0
2011-11-13,210.0
2011-11-14,310.0
2011-11-15,280.0
2011-11-16,260.0
2011-11-17,250.0
2011-11-18,240.0
2011-11-19,140.0
2011-11-20,140.0
2011-11-21,180.0
2011-11-22,170.0
2011-11-23,190.0
2011-11-24,190.0
2011-11-25,260.0
2011-11-26,150.0
2011-11-27,180.0
2011-11-28,240.0
2011-11-29,140.0
2011-11-30,10.0
2011-12-01,20.0
2011-12-02,40.0
2011-12-03,10.0
2011-12-04,30.0
2011-12-05,40.0
2011-12-06,180.0
2011-12-07,140.0
2011-12-08,160.0
2011-12-09,60.0
2011-12-10,250.0
2011-12-11,10.0
2011-12-12,10.0
2011-12-13,110.0
2011-12-14,250.0
2011-12-15,10.0
2011-12-16,80.0
2011-12-17,150.0
2011-12-18,10.0
2011-12-19,30.0
2011-12-20,80.0
2011-12-21,10.0
2011-12-22,50.0
2011-12-23,60.0
2011-12-24,60.0
2011-12-25,270.0
2011-12-26,280.0
2011-12-27,130.0
2011-12-28,240.0
2011-12-29,220.0
2011-12-30,250.0
2011-12-31,215.0
2012-01-01,180.0
2012-01-02,190.0
2012-01-03,250.0
2012-01-04,160.0
2012-01-05,300.0
2012-01-06,290.0
2012-01-07,140.0
2012-01-08,60.0
2012-01-09,340.0
2012-01-10,10.0
2012-01-11,50.0
2012-01-12,60.0
2012-01-13,200.0
2012-01-14,260.0
2012-01-15,300.0
2012-01-16,200.0
2012-01-17,220.0
2012-01-18,220.0
2012-01-19,180.0
2012-01-20,170.0
2012-01-21,210.0
2012-01-22,160.0
2012-01-23,50.0
2012-01-24,190.0
2012-01-25,270.0
2012-01-26,290.0
2012-01-27,30.0
2012-01-28,60.0
2012-01-29,250.0
2012-01-30,20.0
2012-01-31,190.0
2012-02-01,190.0
2012-02-02,60.0
2012-02-03,170.0
2012-02-04,180.0
2012-02-05,170.0
2012-02-06,170.0
2012-02-07,180.0
2012-02-08,40.0
2012-02-09,260.0
2012-02-10,180.0
2012-02-11,350.0
2012-02-12,270.0
2012-02-13,330.0
2012-02-14,360.0
2012-02-15,10.0
2012-02-16,120.0
2012-02-17,280.0
2012-02-18,330.0
2012-02-19,260.0
2012-02-20,210.0
2012-02-21,220.0
2012-02-22,270.0
2012-02-23,290.0
2012-02-24,230.0
2012-02-25,290.0
2012-02-26,360.0
2012-02-27,140.0
2012-02-28,210.0
2012-02-29,280.0
2012-03-01,310.0
2012-03-02,80.0
2012-03-03,60.0
2012-03-04,270.0
2012-03-05,230.0
2012-03-06,4.0
2012-03-07,10.0
2012-03-08,140.0
2012-03-09,250.0
2012-03-10,240.0
2012-03-11,230.0
2012-03-12,180.0
2012-03-13,230.0
2012-03-14,210.0
2012-03-15,230.0
2012-03-16,180.0
2012-03-17,250.0
2012-03-18,320.0
2012-03-19,260.0
2012-03-20,260.0
2012-03-21,180.0
2012-03-22,200.0
2012-03-23,210.0
2012-03-24,220.0
2012-03-25,270.0
2012-03-26,210.0
2012-03-27,200.0
2012-03-28,230.0
2012-03-29,160.0
2012-03-30,210.0
2012-03-31,230.0
2012-04-01,320.0
2012-04-02,150.0
2012-04-03,210.0
2012-04-04,320.0
2012-04-05,30.0
2012-04-06,70.0
2012-04-07,180.0
2012-04-08,180.0
2012-04-09,200.0
2012-04-10,230.0
2012-04-11,260.0
2012-04-12,240.0
2012-04-13,170.0
2012-04-14,360.0
2012-04-15,260.0
2012-04-16,250.0
2012-04-17,260.0
2012-04-18,270.0
2012-04-19,250.0
2012-04-20,290.0
2012-04-21,260.0
2012-04-22,220.0
2012-04-23,240.0
2012-04-24,270.0
2012-04-25,160.0
2012-04-26,260.0
2012-04-27,310.0
2012-04-28,30.0
2012-04-29,330.0
2012-04-30,310.0
2012-05-01,320.0
2012-05-02,270.0
2012-05-03,100.0
2012-05-04,330.0
2012-05-05,20.0
2012-05-06,60.0
2012-05-07,80.0
2012-05-08,120.0
2012-05-09,250.0
2012-05-10,60.0
2012-05-11,270.0
2012-05-12,240.0
2012-05-13,210.0
2012-05-14,260.0
2012-05-15,310.0
2012-05-16,280.0
2012-05-17,340.0
2012-05-18,80.0
2012-05-19,260.0
2012-05-20,270.0
2012-05-21,270.0
2012-05-22,260.0
2012-05-23,300.0
2012-05-24,330.0
2012-05-25,10.0
2012-05-26,300.0
2012-05-27,250.0
2012-05-28,330.0
2012-05-29,250.0
2012-05-30,150.0
2012-05-31,360.0
2012-06-01,250.0
2012-06-02,260.0
2012-06-03,240.0
2012-06-04,260.0
2012-06-05,300.0
2012-06-06,130.0
2012-06-07,240.0
2012-06-08,320.0
2012-06-09,300.0
2012-06-10,30.0
2012-06-11,330.0
2012-06-12,250.0
2012-06-13,300.0
2012-06-14,290.0
2012-06-15,20.0
2012-06-16,10.0
2012-06-17,330.0
2012-06-18,320.0
2012-06-19,280.0
2012-06-20,270.0
2012-06-21,260.0
2012-06-22,240.0
2012-06-23,250.0
2012-06-24,180.0
2012-06-25,250.0
2012-06-26,280.0
2012-06-27,260.0
2012-06-28,260.0
2012-06-29,270.0
2012-06-30,280.0
2012-07-01,250.0
2012-07-02,260.0
2012-07-03,20.0
2012-07-04,280.0
2012-07-05,270.0
2012-07-06,280.0
2012-07-07,240.0
2012-07-08,290.0
2012-07-09,260.0
2012-07-10,270.0
2012-07-11,290.0
2012-07-12,270.0
2012-07-13,280.0
2012-07-14,310.0
2012-07-15,220.0
2012-07-16,180.0
2012-07-17,270.0
2012-07-18,180.0
2012-07-19,180.0
2012-07-20,250.0
2012-07-21,280.0
2012-07-22,260.0
2012-07-23,200.0
2012-07-24,140.0
2012-07-25,280.0
2012-07-26,250.0
2012-07-27,280.0
2012-07-28,260.0
2012-07-29,270.0
2012-07-30,260.0
2012-07-31,270.0
2012-08-01,270.0
2012-08-02,340.0
2012-08-03,290.0
2012-08-04,260.0
2012-08-05,240.0
2012-08-06,170.0
2012-08-07,290.0
2012-08-08,270.0
2012-08-09,270.0
2012-08-10,260.0
2012-08-11,240.0
2012-08-12,280.0
2012-08-13,260.0
2012-08-14,340.0
2012-08-15,260.0
2012-08-16,240.0
2012-08-17,120.0
2012-08-18,50.0
2012-08-19,260.0
2012-08-20,290.0
2012-08-21,270.0
2012-08-22,270.0
2012-08-23,250.0
2012-08-24,280.0
2012-08-25,250.0
2012-08-26,280.0
2012-08-27,260.0
2012-08-28,230.0
2012-08-29,280.0
2012-08-30,300.0
2012-08-31,290.0
2012-09-01,90.0
2012-09-02,320.0
2012-09-03,270.0
2012-09-04,310.0
2012-09-05,290.0
2012-09-06,250.0
2012-09-07,190.0
2012-09-08,160.0
2012-09-09,310.0
2012-09-10,340.0
2012-09-11,20.0
2012-09-12,130.0
2012-09-13,230.0
2012-09-14,250.0
2012-09-15,240.0
2012-09-16,270.0
2012-09-17,130.0
2012-09-18,250.0
2012-09-19,130.0
2012-09-20,200.0
2012-09-21,190.0
2012-09-22,270.0
2012-09-23,310.0
2012-09-24,350.0
2012-09-25,20.0
2012-09-26,210.0
2012-09-27,160.0
2012-09-28,250.0
2012-09-29,270.0
2012-09-30,170.0
2012-10-01,260.0
2012-10-02,340.0
2012-10-03,20.0
2012-10-04,320.0
2012-10-05,260.0
2012-10-06,80.0
2012-10-07,220.0
2012-10-08,260.0
2012-10-09,220.0
2012-10-10,280.0
2012-10-11,350.0
2012-10-12,280.0
2012-10-13,300.0
2012-10-14,250.0
2012-10-15,250.0
2012-10-16,320.0
2012-10-17,360.0
2012-10-18,250.0
2012-10-19,270.0
2012-10-20,340.0
2012-10-21,210.0
2012-10-22,250.0
2012-10-23,260.0
2012-10-24,270.0
2012-10-25,70.0
2012-10-26,250.0
2012-10-27,80.0
2012-10-28,270.0
2012-10-29,230.0
2012-10-30,220.0
2012-10-31,180.0
2012-11-01,270.0
2012-11-02,220.0
2012-11-03,280.0
2012-11-04,270.0
2012-11-05,150.0
2012-11-06,270.0
2012-11-07,270.0
2012-11-08,260.0
2012-11-09,270.0
2012-11-10,290.0
2012-11-11,80.0
2012-11-12,70.0
2012-11-13,170.0
2012-11-14,330.0
2012-11-15,190.0
2012-11-16,180.0
2012-11-17,180.0
2012-11-18,230.0
2012-11-19,170.0
2012-11-20,160.0
2012-11-21,210.0
2012-11-22,60.0
2012-11-23,250.0
2012-11-24,180.0
2012-11-25,60.0
2012-11-26,170.0
2012-11-27,200.0
2012-11-28,180.0
2012-11-29,180.0
2012-11-30,160.0
2012-12-01,190.0
2012-12-02,50.0
2012-12-03,190.0
2012-12-04,170.0
2012-12-05,270.0
2012-12-06,310.0
2012-12-07,330.0
2012-12-08,330.0
2012-12-09,140.0
2012-12-10,70.0
2012-12-11,280.0
2012-12-12,330.0
2012-12-13,10.0
2012-12-14,280.0
2012-12-15,160.0
2012-12-16,240.0
2012-12-17,230.0
2012-12-18,320.0
2012-12-19,180.0
2012-12-20,150.0
2012-12-21,170.0
2012-12-22,240.0
2012-12-23,190.0
2012-12-24,60.0
2012-12-25,190.0
2012-12-26,260.0
2012-12-27,90.0
2012-12-28,170.0
2012-12-29,260.0
2012-12-30,280.0
2012-12-31,210.0
2013-01-01,130.0
2013-01-02,60.0
2013-01-03,150.0
2013-01-04,70.0
2013-01-05,60.0
2013-01-06,280.0
2013-01-07,100.0
2013-01-08,60.0
2013-01-09,330.0
2013-01-10,310.0
2013-01-11,290.0
2013-01-12,215.0
2013-01-13,140.0
2013-01-14,140.0
2013-01-15,80.0
2013-01-16,50.0
2013-01-17,90.0
2013-01-18,90.0
2013-01-19,90.0
2013-01-20,90.0
2013-01-21,70.0
2013-01-22,70.0
2013-01-23,170.0
2013-01-24,180.0
2013-01-25,150.0
2013-01-26,170.0
2013-01-27,290.0
2013-01-28,230.0
2013-01-29,300.0
2013-01-30,160.0
2013-01-31,70.0
2013-02-01,60.0
2013-02-02,60.0
2013-02-03,150.0
2013-02-04,90.0
2013-02-05,250.0
2013-02-06,180.0
2013-02-07,260.0
2013-02-08,10.0
2013-02-09,330.0
2013-02-10,30.0
2013-02-11,330.0
2013-02-12,300.0
2013-02-13,310.0
2013-02-14,20.0
2013-02-15,180.0
2013-02-16,250.0
2013-02-17,90.0
2013-02-18,260.0
2013-02-19,180.0
2013-02-20,360.0
2013-02-21,330.0
2013-02-22,240.0
2013-02-23,310.0
2013-02-24,80.0
2013-02-25,310.0
2013-02-26,100.0
2013-02-27,190.0
2013-02-28,250.0
2013-03-01,190.0
2013-03-02,270.0
2013-03-03,310.0
2013-03-04,90.0
2013-03-05,180.0
2013-03-06,210.0
2013-03-07,80.0
2013-03-08,10.0
2013-03-09,40.0
2013-03-10,290.0
2013-03-11,240.0
2013-03-12,270.0
2013-03-13,270.0
2013-03-14,240.0
2013-03-15,280.0
2013-03-16,20.0
2013-03-17,290.0
2013-03-18,320.0
2013-03-19,170.0
2013-03-20,320.0
2013-03-21,290.0
2013-03-22,290.0
2013-03-23,140.0
2013-03-24,330.0
2013-03-25,270.0
2013-03-26,220.0
2013-03-27,60.0
2013-03-28,220.0
2013-03-29,360.0
2013-03-30,250.0
2013-03-31,270.0
2013-04-01,90.0
2013-04-02,270.0
2013-04-03,40.0
2013-04-04,200.0
2013-04-05,260.0
2013-04-06,240.0
2013-04-07,240.0
2013-04-08,60.0
2013-04-09,10.0
2013-04-10,320.0
2013-04-11,270.0
2013-04-12,70.0
2013-04-13,300.0
2013-04-14,310.0
2013-04-15,20.0
2013-04-16,20.0
2013-04-17,10.0
2013-04-18,30.0
2013-04-19,300.0
2013-04-20,260.0
2013-04-21,300.0
2013-04-22,30.0
2013-04-23,80.0
2013-04-24,80.0
2013-04-25,320.0
2013-04-26,290.0
2013-04-27,210.0
2013-04-28,340.0
2013-04-29,300.0
2013-04-30,310.0
2013-05-01,50.0
2013-05-02,100.0
2013-05-03,60.0
2013-05-04,20.0
2013-05-05,270.0
2013-05-06,30.0
2013-05-07,250.0
2013-05-08,300.0
2013-05-09,20.0
2013-05-10,300.0
2013-05-11,270.0
2013-05-12,240.0
2013-05-13,250.0
2013-05-14,330.0
2013-05-15,280.0
2013-05-16,290.0
2013-05-17,280.0
2013-05-18,310.0
2013-05-19,360.0
2013-05-20,160.0
2013-05-21,240.0
2013-05-22,280.0
2013-05-23,270.0
2013-05-24,320.0
2013-05-25,270.0
2013-05-26,260.0
2013-05-27,260.0
2013-05-28,260.0
2013-05-29,280.0
2013-05-30,340.0
2013-05-31,150.0
2013-06-01,340.0
2013-06-02,20.0
2013-06-03,70.0
2013-06-04,30.0
2013-06-05,120.0
2013-06-06,290.0
2013-06-07,330.0
2013-06-08,340.0
2013-06-09,190.0
2013-06-10,200.0
2013-06-11,220.0
2013-06-12,310.0
2013-06-13,330.0
2013-06-14,330.0
2013-06-15,260.0
2013-06-16,150.0
2013-06-17,280.0
2013-06-18,270.0
2013-06-19,320.0
2013-06-20,320.0
2013-06-21,90.0
2013-06-22,280.0
2013-06-23,270.0
2013-06-24,270.0
2013-06-25,250.0
2013-06-26,210.0
2013-06-27,280.0
2013-06-28,290.0
2013-06-29,260.0
2013-06-30,260.0
2013-07-01,260.0
2013-07-02,340.0
2013-07-03,290.0
2013-07-04,320.0
2013-07-05,330.0
2013-07-06,260.0
2013-07-07,270.0
2013-07-08,280.0
2013-07-09,250.0
2013-07-10,280.0
2013-07-11,250.0
2013-07-12,270.0
2013-07-13,280.0
2013-07-14,260.0
2013-07-15,260.0
2013-07-16,270.0
2013-07-17,100.0
2013-07-18,260.0
2013-07-19,290.0
2013-07-20,320.0
2013-07-21,310.0
2013-07-22,290.0
2013-07-23,270.0
2013-07-24,300.0
2013-07-25,170.0
2013-07-26,270.0
2013-07-27,290.0
2013-07-28,260.0
2013-07-29,250.0
2013-07-30,270.0
2013-07-31,260.0
2013-08-01,270.0
2013-08-02,260.0
2013-08-03,60.0
2013-08-04,260.0
2013-08-05,250.0
2013-08-06,350.0
2013-08-07,260.0
2013-08-08,190.0
2013-08-09,90.0
2013-08-10,250.0
2013-08-11,260.0
2013-08-12,260.0
2013-08-13,270.0
2013-08-14,270.0
2013-08-15,250.0
2013-08-16,270.0
2013-08-17,140.0
2013-08-18,30.0
2013-08-19,190.0
2013-08-20,310.0
2013-08-21,180.0
2013-08-22,310.0
2013-08-23,280.0
2013-08-24,280.0
2013-08-25,170.0
2013-08-26,220.0
2013-08-27,150.0
2013-08-28,200.0
2013-08-29,240.0
2013-08-30,300.0
2013-08-31,250.0
2013-09-01,250.0
2013-09-02,160.0
2013-09-03,190.0
2013-09-04,190.0
2013-09-05,270.0
2013-09-06,300.0
2013-09-07,240.0
2013-09-08,360.0
2013-09-09,360.0
2013-09-10,60.0
2013-09-11,10.0
2013-09-12,230.0
2013-09-13,330.0
2013-09-14,270.0
2013-09-15,220.0
2013-09-16,260.0
2013-09-17,310.0
2013-09-18,10.0
2013-09-19,190.0
2013-09-20,190.0
2013-09-21,260.0
2013-09-22,280.0
2013-09-23,270.0
2013-09-24,280.0
2013-09-25,20.0
2013-09-26,330.0
2013-09-27,360.0
2013-09-28,180.0
2013-09-29,230.0
2013-09-30,230.0
2013-10-01,340.0
2013-10-02,320.0
2013-10-03,10.0
2013-10-04,60.0
2013-10-05,140.0
2013-10-06,280.0
2013-10-07,330.0
2013-10-08,10.0
2013-10-09,360.0
2013-10-10,260.0
2013-10-11,260.0
2013-10-12,300.0
2013-10-13,10.0
2013-10-14,20.0
2013-10-15,80.0
2013-10-16,280.0
2013-10-17,350.0
2013-10-18,150.0
2013-10-19,250.0
2013-10-20,20.0
2013-10-21,20.0
2013-10-22,360.0
2013-10-23,210.0
2013-10-24,260.0
2013-10-25,210.0
2013-10-26,290.0
2013-10-27,310.0
2013-10-28,20.0
2013-10-29,160.0
2013-10-30,150.0
2013-10-31,270.0
2013-11-01,210.0
2013-11-02,320.0
2013-11-03,340.0
2013-11-04,310.0
2013-11-05,300.0
2013-11-06,140.0
2013-11-07,230.0
2013-11-08,270.0
2013-11-09,100.0
2013-11-10,180.0
2013-11-11,170.0
2013-11-12,180.0
2013-11-13,60.0
2013-11-14,330.0
2013-11-15,10.0
2013-11-16,280.0
2013-11-17,260.0
2013-11-18,270.0
2013-11-19,190.0
2013-11-20,20.0
2013-11-21,10.0
2013-11-22,40.0
2013-11-23,60.0
2013-11-24,100.0
2013-11-25,60.0
2013-11-26,170.0
2013-11-27,180.0
2013-11-28,60.0
2013-11-29,130.0
2013-11-30,30.0
2013-12-01,260.0
2013-12-02,250.0
2013-12-03,20.0
2013-12-04,10.0
2013-12-05,300.0
2013-12-06,200.0
2013-12-07,270.0
2013-12-08,80.0
2013-12-09,110.0
2013-12-10,140.0
2013-12-11,70.0
2013-12-12,60.0
2013-12-13,110.0
2013-12-14,130.0
2013-12-15,80.0
2013-12-16,70.0
2013-12-17,20.0
2013-12-18,280.0
2013-12-19,30.0
2013-12-20,130.0
2013-12-21,300.0
2013-12-22,120.0
2013-12-23,80.0
2013-12-24,290.0
2013-12-25,70.0
2013-12-26,160.0
2013-12-27,90.0
2013-12-28,360.0
2013-12-29,70.0
2013-12-30,290.0
2013-12-31,180.0
2014-01-01,70.0
2014-01-02,330.0
2014-01-03,320.0
2014-01-04,40.0
2014-01-05,60.0
2014-01-06,60.0
2014-01-07,260.0
2014-01-08,220.0
2014-01-09,270.0
2014-01-10,20.0
2014-01-11,250.0
2014-01-12,270.0
2014-01-13,80.0
2014-01-14,160.0
2014-01-15,130.0
2014-01-16,160.0
2014-01-17,60.0
2014-01-18,70.0
2014-01-19,80.0
2014-01-20,70.0
2014-01-21,250.0
2014-01-22,20.0
2014-01-23,50.0
2014-01-24,180.0
2014-01-25,80.0
2014-01-26,80.0
2014-01-27,260.0
2014-01-28,260.0
2014-01-29,320.0
2014-01-30,310.0
2014-01-31,320.0
2014-02-01,250.0
2014-02-02,180.0
2014-02-03,310.0
2014-02-04,290.0
2014-02-05,260.0
2014-02-06,280.0
2014-02-07,230.0
2014-02-08,230.0
2014-02-09,200.0
2014-02-10,270.0
2014-02-11,240.0
2014-02-12,240.0
2014-02-13,260.0
2014-02-14,220.0
2014-02-15,190.0
2014-02-16,260.0
2014-02-17,230.0
2014-02-18,250.0
2014-02-19,310.0
2014-02-20,360.0
2014-02-21,240.0
2014-02-22,320.0
2014-02-23,210.0
2014-02-24,290.0
2014-02-25,160.0
2014-02-26,180.0
2014-02-27,180.0
2014-02-28,180.0
2014-03-01,310.0
2014-03-02,180.0
2014-03-03,180.0
2014-03-04,190.0
2014-03-05,170.0
2014-03-06,250.0
2014-03-07,90.0
2014-03-08,180.0
2014-03-09,180.0
2014-03-10,30.0
2014-03-11,70.0
2014-03-12,210.0
2014-03-13,200.0
2014-03-14,310.0
2014-03-15,180.0
2014-03-16,220.0
2014-03-17,250.0
2014-03-18,40.0
2014-03-19,320.0
2014-03-20,10.0
2014-03-21,330.0
2014-03-22,160.0
2014-03-23,300.0
2014-03-24,240.0
2014-03-25,270.0
2014-03-26,270.0
2014-03-27,280.0
2014-03-28,180.0
2014-03-29,180.0
2014-03-30,230.0
2014-03-31,210.0
2014-04-01,260.0
2014-04-02,270.0
2014-04-03,250.0
2014-04-04,190.0
2014-04-05,250.0
2014-04-06,330.0
2014-04-07,180.0
2014-04-08,260.0
2014-04-09,280.0
2014-04-10,280.0
2014-04-11,310.0
2014-04-12,300.0
2014-04-13,70.0
2014-04-14,270.0
2014-04-15,340.0
2014-04-16,320.0
2014-04-17,320.0
2014-04-18,310.0
2014-04-19,280.0
2014-04-20,330.0
2014-04-21,240.0
2014-04-22,320.0
2014-04-23,250.0
2014-04-24,240.0
2014-04-25,260.0
2014-04-26,250.0
2014-04-27,330.0
2014-04-28,220.0
2014-04-29,50.0
2014-04-30,140.0
2014-05-01,280.0
2014-05-02,270.0
2014-05-03,250.0
2014-05-04,280.0
2014-05-05,320.0
2014-05-06,310.0
2014-05-07,250.0
2014-05-08,260.0
2014-05-09,250.0
2014-05-10,340.0
2014-05-11,30.0
2014-05-12,80.0
2014-05-13,180.0
2014-05-14,160.0
2014-05-15,270.0
2014-05-16,260.0
2014-05-17,240.0
2014-05-18,250.0
2014-05-19,260.0
2014-05-20,340.0
2014-05-21,10.0
2014-05-22,40.0
2014-05-23,330.0
2014-05-24,300.0
2014-05-25,320.0
2014-05-26,260.0
2014-05-27,250.0
2014-05-28,330.0
2014-05-29,130.0
2014-05-30,260.0
2014-05-31,310.0
2014-06-01,60.0
2014-06-02,260.0
2014-06-03,330.0
2014-06-04,340.0
2014-06-05,350.0
2014-06-06,340.0
2014-06-07,300.0
2014-06-08,10.0
2014-06-09,310.0
2014-06-10,290.0
2014-06-11,250.0
2014-06-12,270.0
2014-06-13,310.0
2014-06-14,250.0
2014-06-15,310.0
2014-06-16,320.0
2014-06-17,310.0
2014-06-18,320.0
2014-06-19,260.0
2014-06-20,280.0
2014-06-21,260.0
2014-06-22,150.0
2014-06-23,320.0
2014-06-24,320.0
2014-06-25,270.0
2014-06-26,280.0
2014-06-27,250.0
2014-06-28,290.0
2014-06-29,290.0
2014-06-30,20.0
2014-07-01,250.0
2014-07-02,310.0
2014-07-03,260.0
2014-07-04,230.0
2014-07-05,260.0
2014-07-06,270.0
2014-07-07,350.0
2014-07-08,190.0
2014-07-09,190.0
2014-07-10,250.0
2014-07-11,350.0
2014-07-12,20.0
2014-07-13,280.0
2014-07-14,260.0
2014-07-15,260.0
2014-07-16,310.0
2014-07-17,260.0
2014-07-18,290.0
2014-07-19,320.0
2014-07-20,220.0
2014-07-21,240.0
2014-07-22,150.0
2014-07-23,260.0
2014-07-24,330.0
2014-07-25,330.0
2014-07-26,250.0
2014-07-27,270.0
2014-07-28,270.0
2014-07-29,170.0
2014-07-30,180.0
2014-07-31,270.0
2014-08-01,280.0
2014-08-02,10.0
2014-08-03,250.0
2014-08-04,70.0
2014-08-05,170.0
2014-08-06,190.0
2014-08-07,310.0
2014-08-08,130.0
2014-08-09,170.0
2014-08-10,280.0
2014-08-11,250.0
2014-08-12,190.0
2014-08-13,210.0
2014-08-14,220.0
2014-08-15,280.0
2014-08-16,270.0
2014-08-17,280.0
2014-08-18,210.0
2014-08-19,270.0
2014-08-20,270.0
2014-08-21,290.0
2014-08-22,320.0
2014-08-23,10.0
2014-08-24,260.0
2014-08-25,10.0
2014-08-26,310.0
2014-08-27,290.0
2014-08-28,280.0
2014-08-29,260.0
2014-08-30,340.0
2014-08-31,300.0
2014-09-01,270.0
2014-09-02,320.0
2014-09-03,350.0
2014-09-04,20.0
2014-09-05,30.0
2014-09-06,180.0
2014-09-07,280.0
2014-09-08,160.0
2014-09-09,290.0
2014-09-10,70.0
2014-09-11,40.0
2014-09-12,280.0
2014-09-13,280.0
2014-09-14,240.0
2014-09-15,190.0
2014-09-16,160.0
2014-09-17,220.0
2014-09-18,260.0
2014-09-19,10.0
2014-09-20,160.0
2014-09-21,270.0
2014-09-22,270.0
2014-09-23,180.0
2014-09-24,190.0
2014-09-25,150.0
2014-09-26,10.0
2014-09-27,340.0
2014-09-28,360.0
2014-09-29,300.0
2014-09-30,310.0
2014-10-01,20.0
2014-10-02,280.0
2014-10-03,120.0
2014-10-04,270.0
2014-10-05,130.0
2014-10-06,280.0
2014-10-07,270.0
2014-10-08,250.0
2014-10-09,330.0
2014-10-10,320.0
2014-10-11,320.0
2014-10-12,60.0
2014-10-13,200.0
2014-10-14,200.0
2014-10-15,260.0
2014-10-16,280.0
2014-10-17,220.0
2014-10-18,200.0
2014-10-19,170.0
2014-10-20,180.0
2014-10-21,160.0
2014-10-22,250.0
2014-10-23,190.0
2014-10-24,220.0
2014-10-25,210.0
2014-10-26,310.0
2014-10-27,150.0
2014-10-28,240.0
2014-10-29,150.0
2014-10-30,170.0
2014-10-31,190.0
2014-11-01,290.0
2014-11-02,260.0
2014-11-03,140.0
2014-11-04,160.0
2014-11-05,170.0
2014-11-06,160.0
2014-11-07,110.0
2014-11-08,100.0
2014-11-09,310.0
2014-11-10,360.0
2014-11-11,40.0
2014-11-12,280.0
2014-11-13,250.0
2014-11-14,230.0
2014-11-15,20.0
2014-11-16,160.0
2014-11-17,140.0
2014-11-18,180.0
2014-11-19,190.0
2014-11-20,180.0
2014-11-21,270.0
2014-11-22,300.0
2014-11-23,80.0
2014-11-24,60.0
2014-11-25,70.0
2014-11-26,280.0
2014-11-27,220.0
2014-11-28,270.0
2014-11-29,260.0
2014-11-30,10.0
2014-12-01,170.0
2014-12-02,180.0
2014-12-03,260.0
2014-12-04,180.0
2014-12-05,160.0
2014-12-06,160.0
2014-12-07,180.0
2014-12-08,180.0
2014-12-09,170.0
2014-12-10,180.0
2014-12-11,170.0
2014-12-12,260.0
2014-12-13,260.0
2014-12-14,180.0
2014-12-15,170.0
2014-12-16,180.0
2014-12-17,180.0
2014-12-18,170.0
2014-12-19,160.0
2014-12-20,190.0
2014-12-21,240.0
2014-12-22,300.0
2014-12-23,50.0
2014-12-24,270.0
2014-12-25,300.0
2014-12-26,30.0
2014-12-27,60.0
2014-12-28,330.0
2014-12-29,10.0
2014-12-30,360.0
2014-12-31,270.0
2015-01-01,180.0
2015-01-02,80.0
2015-01-03,90.0
2015-01-04,80.0
2015-01-05,110.0
2015-01-06,150.0
2015-01-07,70.0
2015-01-08,70.0
2015-01-09,80.0
2015-01-10,90.0
2015-01-11,330.0
2015-01-12,70.0
2015-01-13,60.0
2015-01-14,160.0
2015-01-15,170.0
2015-01-16,180.0
2015-01-17,160.0
2015-01-18,250.0
2015-01-19,10.0
2015-01-20,75.0
2015-01-21,140.0
2015-01-22,60.0
2015-01-23,70.0
2015-01-24,90.0
2015-01-25,160.0
2015-01-26,80.0
2015-01-27,270.0
2015-01-28,130.0
2015-01-29,20.0
2015-01-30,20.0
2015-01-31,150.0
2015-02-01,310.0
2015-02-02,250.0
2015-02-03,290.0
2015-02-04,170.0
2015-02-05,180.0
2015-02-06,180.0
2015-02-07,220.0
2015-02-08,160.0
2015-02-09,280.0
2015-02-10,240.0
2015-02-11,160.0
2015-02-12,60.0
2015-02-13,70.0
2015-02-14,360.0
2015-02-15,60.0
2015-02-16,30.0
2015-02-17,260.0
2015-02-18,350.0
2015-02-19,330.0
2015-02-20,10.0
2015-02-21,20.0
2015-02-22,60.0
2015-02-23,60.0
2015-02-24,320.0
2015-02-25,310.0
2015-02-26,30.0
2015-02-27,290.0
2015-02-28,10.0
2015-03-01,20.0
2015-03-02,290.0
2015-03-03,10.0
2015-03-04,130.0
2015-03-05,280.0
2015-03-06,130.0
2015-03-07,350.0
2015-03-08,340.0
2015-03-09,340.0
2015-03-10,170.0
2015-03-11,200.0
2015-03-12,90.0
2015-03-13,150.0
2015-03-14,190.0
2015-03-15,210.0
2015-03-16,290.0
2015-03-17,320.0
2015-03-18,360.0
2015-03-19,260.0
2015-03-20,280.0
2015-03-21,260.0
2015-03-22,300.0
2015-03-23,260.0
2015-03-24,280.0
2015-03-25,160.0
2015-03-26,170.0
2015-03-27,250.0
2015-03-28,310.0
2015-03-29,310.0
2015-03-30,260.0
2015-03-31,310.0
2015-04-01,330.0
2015-04-02,10.0
2015-04-03,230.0
2015-04-04,200.0
2015-04-05,240.0
2015-04-06,190.0
2015-04-07,170.0
2015-04-08,250.0
2015-04-09,270.0
2015-04-10,230.0
2015-04-11,240.0
2015-04-12,280.0
2015-04-13,320.0
2015-04-14,310.0
2015-04-15,10.0
2015-04-16,10.0
2015-04-17,340.0
2015-04-18,30.0
2015-04-19,40.0
2015-04-20,330.0
2015-04-21,260.0
2015-04-22,290.0
2015-04-23,320.0
2015-04-24,230.0
2015-04-25,330.0
2015-04-26,330.0
2015-04-27,50.0
2015-04-28,260.0
2015-04-29,320.0
2015-04-30,20.0
2015-05-01,170.0
2015-05-02,260.0
2015-05-03,250.0
2015-05-04,260.0
2015-05-05,290.0
2015-05-06,10.0
2015-05-07,350.0
2015-05-08,340.0
2015-05-09,10.0
2015-05-10,260.0
2015-05-11,210.0
2015-05-12,240.0
2015-05-13,270.0
2015-05-14,340.0
2015-05-15,320.0
2015-05-16,270.0
2015-05-17,270.0
2015-05-18,260.0
2015-05-19,280.0
2015-05-20,260.0
2015-05-21,170.0
2015-05-22,310.0
2015-05-23,280.0
2015-05-24,360.0
2015-05-25,150.0
2015-05-26,280.0
2015-05-27,140.0
2015-05-28,340.0
2015-05-29,260.0
2015-05-30,250.0
2015-05-31,230.0
2015-06-01,250.0
2015-06-02,270.0
2015-06-03,170.0
2015-06-04,120.0
2015-06-05,30.0
2015-06-06,20.0
2015-06-07,320.0
2015-06-08,160.0
2015-06-09,100.0
2015-06-10,310.0
2015-06-11,30.0
2015-06-12,30.0
2015-06-13,300.0
2015-06-14,270.0
2015-06-15,250.0
2015-06-16,300.0
2015-06-17,260.0
2015-06-18,270.0
2015-06-19,270.0
2015-06-20,270.0
2015-06-21,270.0
2015-06-22,270.0
2015-06-23,320.0
2015-06-24,320.0
2015-06-25,30.0
2015-06-26,280.0
2015-06-27,260.0
2015-06-28,220.0
2015-06-29,250.0
2015-06-30,280.0
2015-07-01,260.0
2015-07-02,30.0
2015-07-03,280.0
2015-07-04,170.0
2015-07-05,90.0
2015-07-06,270.0
2015-07-07,210.0
2015-07-08,10.0
2015-07-09,140.0
2015-07-10,240.0
2015-07-11,240.0
2015-07-12,250.0
2015-07-13,280.0
2015-07-14,290.0
2015-07-15,320.0
2015-07-16,290.0
2015-07-17,20.0
2015-07-18,230.0
2015-07-19,260.0
2015-07-20,300.0
2015-07-21,250.0
2015-07-22,240.0
2015-07-23,260.0
2015-07-24,280.0
2015-07-25,260.0
2015-07-26,310.0
2015-07-27,340.0
2015-07-28,10.0
2015-07-29,140.0
2015-07-30,280.0
2015-07-31,260.0
2015-08-01,90.0
2015-08-02,170.0
2015-08-03,270.0
2015-08-04,240.0
2015-08-05,180.0
2015-08-06,350.0
2015-08-07,200.0
2015-08-08,230.0
2015-08-09,260.0
2015-08-10,180.0
2015-08-11,190.0
2015-08-12,170.0
2015-08-13,210.0
2015-08-14,270.0
2015-08-15,310.0
2015-08-16,310.0
2015-08-17,130.0
2015-08-18,310.0
2015-08-19,300.0
2015-08-20,280.0
2015-08-21,270.0
2015-08-22,270.0
2015-08-23,270.0
2015-08-24,250.0
2015-08-25,270.0
2015-08-26,250.0
2015-08-27,240.0
2015-08-28,170.0
2015-08-29,230.0
2015-08-30,250.0
2015-08-31,270.0
2015-09-01,270.0
2015-09-02,280.0
2015-09-03,320.0
2015-09-04,290.0
2015-09-05,90.0
2015-09-06,360.0
2015-09-07,320.0
2015-09-08,10.0
2015-09-09,270.0
2015-09-10,320.0
2015-09-11,160.0
2015-09-12,280.0
2015-09-13,330.0
2015-09-14,280.0
2015-09-15,250.0
2015-09-16,190.0
2015-09-17,270.0
2015-09-18,120.0
2015-09-19,190.0
2015-09-20,260.0
2015-09-21,270.0
2015-09-22,280.0
2015-09-23,250.0
2015-09-24,270.0
2015-09-25,250.0
2015-09-26,270.0
2015-09-27,280.0
2015-09-28,270.0
2015-09-29,210.0
2015-09-30,140.0
2015-10-01,260.0
2015-10-02,310.0
2015-10-03,360.0
2015-10-04,120.0
2015-10-05,170.0
2015-10-06,240.0
2015-10-07,250.0
2015-10-08,340.0
2015-10-09,250.0
2015-10-10,230.0
2015-10-11,330.0
2015-10-12,290.0
2015-10-13,210.0
2015-10-14,140.0
2015-10-15,120.0
2015-10-16,190.0
2015-10-17,200.0
2015-10-18,330.0
2015-10-19,320.0
2015-10-20,60.0
2015-10-21,130.0
2015-10-22,350.0
2015-10-23,200.0
2015-10-24,260.0
2015-10-25,270.0
2015-10-26,270.0
2015-10-27,190.0
2015-10-28,320.0
2015-10-29,360.0
2015-10-30,270.0
2015-10-31,250.0
2015-11-01,260.0
2015-11-02,200.0
2015-11-03,300.0
2015-11-04,350.0
2015-11-05,210.0
2015-11-06,150.0
2015-11-07,200.0
2015-11-08,170.0
2015-11-09,170.0
2015-11-10,150.0
2015-11-11,190.0
2015-11-12,150.0
2015-11-13,120.0
2015-11-14,190.0
2015-11-15,300.0
2015-11-16,290.0
2015-11-17,180.0
2015-11-18,290.0
2015-11-19,280.0
2015-11-20,100.0
2015-11-21,140.0
2015-11-22,60.0
2015-11-23,260.0
2015-11-24,210.0
2015-11-25,10.0
2015-11-26,20.0
2015-11-27,20.0
2015-11-28,160.0
2015-11-29,180.0
2015-11-30,280.0
2015-12-01,130.0
2015-12-02,160.0
2015-12-03,190.0
2015-12-04,250.0
2015-12-05,190.0
2015-12-06,200.0
2015-12-07,210.0
2015-12-08,180.0
2015-12-09,280.0
2015-12-10,270.0
2015-12-11,210.0
2015-12-12,180.0
2015-12-13,170.0
2015-12-14,300.0
2015-12-15,150.0
2015-12-16,120.0
2015-12-17,180.0
2015-12-18,180.0
2015-12-19,270.0
2015-12-20,170.0
2015-12-21,260.0
2015-12-22,310.0
2015-12-23,310.0
2015-12-24,270.0
2015-12-25,310.0
2015-12-26,60.0
2015-12-27,50.0
2015-12-28,120.0
2015-12-29,50.0
2015-12-30,190.0
2015-12-31,50.0
2016-01-01,140.0
2016-01-02,170.0
2016-01-03,170.0
2016-01-04,170.0
2016-01-05,180.0
2016-01-06,170.0
2016-01-07,320.0
2016-01-08,160.0
2016-01-09,170.0
2016-01-10,150.0
2016-01-11,60.0
2016-01-12,170.0
2016-01-13,210.0
2016-01-14,160.0
2016-01-15,170.0
2016-01-16,280.0
2016-01-17,180.0
2016-01-18,170.0
2016-01-19,180.0
2016-01-20,260.0
2016-01-21,180.0
2016-01-22,200.0
2016-01-23,160.0
2016-01-24,260.0
2016-01-25,170.0
2016-01-26,80.0
2016-01-27,60.0
2016-01-28,270.0
2016-01-29,260.0
2016-01-30,180.0
2016-01-31,10.0
2016-02-01,330.0
2016-02-02,90.0
2016-02-03,180.0
2016-02-04,140.0
2016-02-05,180.0
2016-02-06,180.0
2016-02-07,120.0
2016-02-08,180.0
2016-02-09,160.0
2016-02-10,200.0
2016-02-11,170.0
2016-02-12,240.0
2016-02-13,350.0
2016-02-14,290.0
2016-02-15,150.0
2016-02-16,60.0
2016-02-17,180.0
2016-02-18,230.0
2016-02-19,190.0
2016-02-20,10.0
2016-02-21,270.0
2016-02-22,290.0
2016-02-23,160.0
2016-02-24,280.0
2016-02-25,270.0
2016-02-26,260.0
2016-02-27,240.0
2016-02-28,250.0
2016-02-29,260.0
2016-03-01,240.0
2016-03-02,220.0
2016-03-03,260.0
2016-03-04,180.0
2016-03-05,220.0
2016-03-06,170.0
2016-03-07,30.0
2016-03-08,250.0
2016-03-09,210.0
2016-03-10,170.0
2016-03-11,190.0
2016-03-12,210.0
2016-03-13,220.0
2016-03-14,270.0
2016-03-15,260.0
2016-03-16,310.0
2016-03-17,40.0
2016-03-18,260.0
2016-03-19,240.0
2016-03-20,220.0
2016-03-21,190.0
2016-03-22,320.0
2016-03-23,260.0
2016-03-24,320.0
2016-03-25,290.0
2016-03-26,160.0
2016-03-27,300.0
2016-03-28,10.0
2016-03-29,360.0
2016-03-30,360.0
2016-03-31,300.0
2016-04-01,140.0
2016-04-02,230.0
2016-04-03,250.0
2016-04-04,330.0
2016-04-05,360.0
2016-04-06,70.0
2016-04-07,150.0
2016-04-08,260.0
2016-04-09,310.0
2016-04-10,170.0
2016-04-11,280.0
2016-04-12,270.0
2016-04-13,240.0
2016-04-14,260.0
2016-04-15,20.0
2016-04-16,220.0
2016-04-17,60.0
2016-04-18,10.0
2016-04-19,260.0
2016-04-20,180.0
2016-04-21,190.0
2016-04-22,200.0
2016-04-23,270.0
2016-04-24,285.0
2016-04-25,300.0
2016-04-26,320.0
2016-04-27,340.0
2016-04-28,310.0
2016-04-29,340.0
2016-04-30,350.0
2016-05-01,80.0
2016-05-02,270.0
2016-05-03,240.0
2016-05-04,230.0
2016-05-05,60.0
2016-05-06,350.0
2016-05-07,360.0
2016-05-08,300.0
2016-05-09,350.0
2016-05-10,40.0
2016-05-11,200.0
2016-05-12,220.0
2016-05-13,190.0
2016-05-14,330.0
2016-05-15,260.0
2016-05-16,10.0
2016-05-17,360.0
2016-05-18,330.0
2016-05-19,330.0
2016-05-20,290.0
2016-05-21,250.0
2016-05-22,270.0
2016-05-23,320.0
2016-05-24,270.0
2016-05-25,340.0
2016-05-26,320.0
2016-05-27,320.0
2016-05-28,150.0
2016-05-29,320.0
2016-05-30,350.0
2016-05-31,120.0
2016-06-01,240.0
2016-06-02,280.0
2016-06-03,110.0
2016-06-04,270.0
2016-06-05,150.0
2016-06-06,150.0
2016-06-07,250.0
2016-06-08,260.0
2016-06-09,240.0
2016-06-10,280.0
2016-06-11,320.0
2016-06-12,20.0
2016-06-13,270.0
2016-06-14,330.0
2016-06-15,280.0
2016-06-16,270.0
2016-06-17,190.0
2016-06-18,270.0
2016-06-19,200.0
2016-06-20,250.0
2016-06-21,250.0
2016-06-22,250.0
2016-06-23,220.0
2016-06-24,270.0
2016-06-25,120.0
2016-06-26,270.0
2016-06-27,10.0
2016-06-28,280.0
2016-06-29,280.0
2016-06-30,330.0
2016-07-01,300.0
2016-07-02,260.0
2016-07-03,260.0
2016-07-04,280.0
2016-07-05,290.0
2016-07-06,250.0
2016-07-07,250.0
2016-07-08,250.0
2016-07-09,280.0
2016-07-10,310.0
2016-07-11,140.0
2016-07-12,240.0
2016-07-13,260.0
2016-07-14,270.0
2016-07-15,270.0
2016-07-16,290.0
2016-07-17,280.0
2016-07-18,240.0
2016-07-19,250.0
2016-07-20,280.0
2016-07-21,260.0
2016-07-22,290.0
2016-07-23,320.0
2016-07-24,260.0
2016-07-25,250.0
2016-07-26,280.0
2016-07-27,280.0
2016-07-28,280.0
2016-07-29,250.0
2016-07-30,200.0
2016-07-31,240.0
2016-08-01,290.0
2016-08-02,270.0
2016-08-03,50.0
2016-08-04,280.0
2016-08-05,270.0
2016-08-06,260.0
2016-08-07,260.0
2016-08-08,280.0
2016-08-09,310.0
2016-08-10,360.0
2016-08-11,290.0
2016-08-12,260.0
2016-08-13,280.0
2016-08-14,270.0
2016-08-15,260.0
2016-08-16,260.0
2016-08-17,320.0
2016-08-18,20.0
2016-08-19,320.0
2016-08-20,260.0
2016-08-21,270.0
2016-08-22,290.0
2016-08-23,260.0
2016-08-24,20.0
2016-08-25,360.0
2016-08-26,290.0
2016-08-27,270.0
2016-08-28,270.0
2016-08-29,290.0
2016-08-30,270.0
2016-08-31,240.0
2016-09-01,260.0
2016-09-02,340.0
2016-09-03,330.0
2016-09-04,320.0
2016-09-05,320.0
2016-09-06,320.0
2016-09-07,300.0
2016-09-08,310.0
2016-09-09,340.0
2016-09-10,330.0
2016-09-11,240.0
2016-09-12,10.0
2016-09-13,10.0
2016-09-14,310.0
2016-09-15,140.0
2016-09-16,90.0
2016-09-17,260.0
2016-09-18,240.0
2016-09-19,290.0
2016-09-20,220.0
2016-09-21,260.0
2016-09-22,310.0
2016-09-23,300.0
2016-09-24,360.0
2016-09-25,90.0
2016-09-26,160.0
2016-09-27,320.0
2016-09-28,260.0
2016-09-29,270.0
2016-09-30,190.0
2016-10-01,230.0
2016-10-02,260.0
2016-10-03,250.0
2016-10-04,330.0
2016-10-05,290.0
2016-10-06,180.0
2016-10-07,340.0
2016-10-08,250.0
2016-10-09,260.0
2016-10-10,270.0
2016-10-11,260.0
2016-10-12,270.0
2016-10-13,180.0
2016-10-14,190.0
2016-10-15,190.0
2016-10-16,240.0
2016-10-17,250.0
2016-10-18,310.0
2016-10-19,150.0
2016-10-20,210.0
2016-10-21,270.0
2016-10-22,230.0
2016-10-23,190.0
2016-10-24,180.0
2016-10-25,180.0
2016-10-26,190.0
2016-10-27,180.0
2016-10-28,190.0
2016-10-29,210.0
2016-10-30,190.0
2016-10-31,190.0
2016-11-01,270.0
2016-11-02,160.0
2016-11-03,160.0
2016-11-04,190.0
2016-11-05,190.0
2016-11-06,160.0
2016-11-07,170.0
2016-11-08,180.0
2016-11-09,320.0
2016-11-10,150.0
2016-11-11,170.0
2016-11-12,180.0
2016-11-13,270.0
2016-11-14,290.0
2016-11-15,270.0
2016-11-16,330.0
2016-11-17,160.0
2016-11-18,190.0
2016-11-19,240.0
2016-11-20,170.0
2016-11-21,270.0
2016-11-22,180.0
2016-11-23,270.0
2016-11-24,200.0
2016-11-25,220.0
2016-11-26,190.0
2016-11-27,290.0
2016-11-28,260.0
2016-11-29,70.0
2016-11-30,310.0
2016-12-01,60.0
2016-12-02,100.0
2016-12-03,170.0
2016-12-04,290.0
2016-12-05,310.0
2016-12-06,300.0
2016-12-07,160.0
2016-12-08,260.0
2016-12-09,240.0
2016-12-10,220.0
2016-12-11,280.0
2016-12-12,100.0
2016-12-13,150.0
2016-12-14,180.0
2016-12-15,190.0
2016-12-16,310.0
2016-12-17,360.0
2016-12-18,70.0
2016-12-19,340.0
2016-12-20,160.0
2016-12-21,10.0
2016-12-22,60.0
2016-12-23,200.0
2016-12-24,330.0
2016-12-25,60.0
2016-12-26,100.0
2016-12-27,240.0
2016-12-28,70.0
2016-12-29,70.0
2016-12-30,20.0
2016-12-31,360.0
2017-01-01,320.0
2017-01-02,220.0
2017-01-03,180.0
2017-01-04,250.0
2017-01-05,270.0
2017-01-06,120.0
2017-01-07,180.0
2017-01-08,180.0
2017-01-09,260.0
2017-01-10,250.0
2017-01-11,250.0
2017-01-12,10.0
2017-01-13,180.0
2017-01-14,50.0
2017-01-15,100.0
2017-01-16,150.0
2017-01-17,190.0
2017-01-18,180.0
2017-01-19,160.0
2017-01-20,170.0
2017-01-21,240.0
2017-01-22,260.0
2017-01-23,300.0
2017-01-24,300.0
2017-01-25,250.0
2017-01-26,320.0
2017-01-27,270.0
2017-01-28,60.0
2017-01-29,60.0
2017-01-30,90.0
2017-01-31,230.0
2017-02-01,50.0
2017-02-02,190.0
2017-02-03,180.0
2017-02-04,220.0
2017-02-05,190.0
2017-02-06,220.0
2017-02-07,240.0
2017-02-08,200.0
2017-02-09,170.0
2017-02-10,270.0
2017-02-11,80.0
2017-02-12,120.0
2017-02-13,200.0
2017-02-14,160.0
2017-02-15,200.0
2017-02-16,200.0
2017-02-17,70.0
2017-02-18,230.0
2017-02-19,210.0
2017-02-20,180.0
2017-02-21,240.0
2017-02-22,310.0
2017-02-23,320.0
2017-02-24,170.0
2017-02-25,170.0
2017-02-26,250.0
2017-02-27,240.0
2017-02-28,310.0
2017-03-01,60.0
2017-03-02,170.0
2017-03-03,260.0
2017-03-04,200.0
2017-03-05,220.0
2017-03-06,230.0
2017-03-07,200.0
2017-03-08,240.0
2017-03-09,230.0
2017-03-10,340.0
2017-03-11,250.0
2017-03-12,20.0
2017-03-13,340.0
2017-03-14,250.0
2017-03-15,190.0
2017-03-16,250.0
2017-03-17,250.0
2017-03-18,210.0
2017-03-19,260.0
2017-03-20,200.0
2017-03-21,170.0
2017-03-22,280.0
2017-03-23,240.0
2017-03-24,190.0
2017-03-25,270.0
2017-03-26,190.0
2017-03-27,320.0
2017-03-28,330.0
2017-03-29,260.0
2017-03-30,330.0
2017-03-31,360.0
2017-04-01,330.0
2017-04-02,320.0
2017-04-03,300.0
2017-04-04,240.0
2017-04-05,210.0
2017-04-06,180.0
2017-04-07,180.0
2017-04-08,270.0
2017-04-09,220.0
2017-04-10,170.0
2017-04-11,170.0
2017-04-12,190.0
2017-04-13,270.0
2017-04-14,220.0
2017-04-15,240.0
2017-04-16,220.0
2017-04-17,280.0
2017-04-18,280.0
2017-04-19,180.0
2017-04-20,320.0
2017-04-21,150.0
2017-04-22,270.0
2017-04-23,240.0
2017-04-24,240.0
2017-04-25,230.0
2017-04-26,260.0
2017-04-27,320.0
2017-04-28,40.0
2017-04-29,280.0
2017-04-30,320.0
2017-05-01,320.0
2017-05-02,360.0
2017-05-03,250.0
2017-05-04,210.0
2017-05-05,240.0
2017-05-06,30.0
2017-05-07,10.0
2017-05-08,10.0
2017-05-09,10.0
2017-05-10,260.0
2017-05-11,190.0
2017-05-12,320.0
2017-05-13,290.0
2017-05-14,280.0
2017-05-15,270.0
2017-05-16,260.0
2017-05-17,290.0
2017-05-18,10.0
2017-05-19,340.0
2017-05-20,300.0
2017-05-21,283.3333333333333
2017-05-22,266.6666666666667
2017-05-23,250.0
2017-05-24,320.0
2017-05-25,310.0
2017-05-26,30.0
2017-05-27,190.0
2017-05-28,140.0
2017-05-29,240.0
2017-05-30,270.0
2017-05-31,210.0
2017-06-01,280.0
2017-06-02,270.0
2017-06-03,260.0
2017-06-04,280.0
2017-06-05,275.0
2017-06-06,270.0
2017-06-07,230.0
2017-06-08,180.0
2017-06-09,280.0
2017-06-10,280.0
2017-06-11,310.0
2017-06-12,310.0
2017-06-13,280.0
2017-06-14,250.0
2017-06-15,250.0
2017-06-16,250.0
2017-06-17,290.0
2017-06-18,235.0
2017-06-19,180.0
2017-06-20,99.0
2017-06-21,10.0
2017-06-22,20.0
2017-06-23,83.33333333333334
2017-06-24,146.66666666666669
2017-06-25,210.0
2017-06-26,240.0
2017-06-27,240.0
2017-06-28,270.0
2017-06-29,330.0
2017-06-30,310.0
2017-07-01,290.0
2017-07-02,270.0
2017-07-03,260.0
2017-07-04,290.0
2017-07-05,250.0
2017-07-06,230.0
2017-07-07,290.0
2017-07-08,280.0
2017-07-09,270.0
2017-07-10,260.0
2017-07-11,260.0
2017-07-12,290.0
2017-07-13,290.0
2017-07-14,260.0
2017-07-15,280.0
2017-07-16,280.0
2017-07-17,200.0
2017-07-18,260.0
2017-07-19,270.0
2017-07-20,250.0
2017-07-21,270.0
2017-07-22,20.0
2017-07-23,270.0
2017-07-24,90.0
2017-07-25,200.0
2017-07-26,130.0
2017-07-27,120.0
2017-07-28,280.0
2017-07-29,280.0
2017-07-30,310.0
2017-07-31,320.0
2017-08-01,240.0
2017-08-02,180.0
2017-08-03,360.0
2017-08-04,300.0
2017-08-05,270.0
2017-08-06,250.0
2017-08-07,220.0
2017-08-08,195.0
2017-08-09,170.0
2017-08-10,260.0
2017-08-11,270.0
2017-08-12,250.0
2017-08-13,280.0
2017-08-14,280.0
2017-08-15,280.0
2017-08-16,330.0
2017-08-17,320.0
2017-08-18,310.0
2017-08-19,10.0
2017-08-20,310.0
2017-08-21,270.0
2017-08-22,240.0
2017-08-23,310.0
2017-08-24,260.0
2017-08-25,290.0
2017-08-26,270.0
2017-08-27,260.0
2017-08-28,280.0
2017-08-29,160.0
2017-08-30,280.0
2017-08-31,50.0
2017-09-01,50.0
2017-09-02,140.0
2017-09-03,260.0
2017-09-04,220.0
2017-09-05,180.0
2017-09-06,240.0
2017-09-07,180.0
2017-09-08,260.0
2017-09-09,310.0
2017-09-10,20.0
2017-09-11,220.0
2017-09-12,160.0
2017-09-13,260.0
2017-09-14,310.0
2017-09-15,350.0
2017-09-16,200.0
2017-09-17,280.0
2017-09-18,240.0
2017-09-19,260.0
2017-09-20,250.0
2017-09-21,50.0
2017-09-22,20.0
2017-09-23,350.0
2017-09-24,350.0
2017-09-25,310.0
2017-09-26,110.0
2017-09-27,190.0
2017-09-28,360.0
2017-09-29,270.0
2017-09-30,310.0
2017-10-01,310.0
2017-10-02,70.0
2017-10-03,40.0
2017-10-04,300.0
2017-10-05,300.0
2017-10-06,140.0
2017-10-07,320.0
2017-10-08,70.0
2017-10-09,200.0
2017-10-10,220.0
2017-10-11,300.0
2017-10-12,320.0
2017-10-13,260.0
2017-10-14,10.0
2017-10-15,140.0
2017-10-16,260.0
2017-10-17,290.0
2017-10-18,260.0
2017-10-19,310.0
2017-10-20,250.0
2017-10-21,230.0
2017-10-22,290.0
2017-10-23,20.0
2017-10-24,180.0
2017-10-25,70.0
2017-10-26,10.0
2017-10-27,160.0
2017-10-28,120.0
2017-10-29,70.0
2017-10-30,360.0
2017-10-31,10.0
2017-11-01,310.0
2017-11-02,260.0
2017-11-03,220.0
2017-11-04,250.0
2017-11-05,250.0
2017-11-06,240.0
2017-11-07,180.0
2017-11-08,200.0
2017-11-09,210.0
2017-11-10,190.0
2017-11-11,200.0
2017-11-12,160.0
2017-11-13,250.0
2017-11-14,260.0
2017-11-15,180.0
2017-11-16,270.0
2017-11-17,310.0
2017-11-18,180.0
2017-11-19,250.0
2017-11-20,170.0
2017-11-21,200.0
2017-11-22,180.0
2017-11-23,220.0
2017-11-24,320.0
2017-11-25,190.0
2017-11-26,180.0
2017-11-27,320.0
2017-11-28,260.0
2017-11-29,80.0
2017-11-30,280.0
2017-12-01,290.0
2017-12-02,280.0
2017-12-03,310.0
2017-12-04,20.0
2017-12-05,30.0
2017-12-06,50.0
2017-12-07,70.0
2017-12-08,80.0
2017-12-09,70.0
2017-12-10,60.0
2017-12-11,190.0
2017-12-12,80.0
2017-12-13,90.0
2017-12-14,170.0
2017-12-15,320.0
2017-12-16,10.0
2017-12-17,340.0
2017-12-18,60.0
2017-12-19,240.0
2017-12-20,320.0
2017-12-21,130.0
2017-12-22,180.0
2017-12-23,50.0
2017-12-24,260.0
2017-12-25,80.0
2017-12-26,160.0
2017-12-27,140.0
2017-12-28,300.0
2017-12-29,340.0
2017-12-30,190.0
2017-12-31,60.0
2018-01-01,80.0
2018-01-02,50.0
2018-01-03,60.0
2018-01-04,180.0
2018-01-05,170.0
2018-01-06,30.0
2018-01-07,280.0
2018-01-08,170.0
2018-01-09,270.0
2018-01-10,270.0
2018-01-11,210.0
2018-01-12,260.0
2018-01-13,130.0
2018-01-14,190.0
2018-01-15,180.0
2018-01-16,230.0
2018-01-17,160.0
2018-01-18,180.0
2018-01-19,240.0
2018-01-20,320.0
2018-01-21,180.0
2018-01-22,170.0
2018-01-23,180.0
2018-01-24,250.0
2018-01-25,240.0
2018-01-26,240.0
2018-01-27,180.0
2018-01-28,160.0
2018-01-29,200.0
2018-01-30,230.0
2018-01-31,270.0
2018-02-01,60.0
2018-02-02,300.0
2018-02-03,300.0
2018-02-04,340.0
2018-02-05,300.0
2018-02-06,300.0
2018-02-07,10.0
2018-02-08,130.0
2018-02-09,300.0
2018-02-10,300.0
2018-02-11,300.0
2018-02-12,20.0
2018-02-13,170.0
2018-02-14,330.0
2018-02-15,340.0
2018-02-16,320.0
2018-02-17,250.0
2018-02-18,320.0
2018-02-19,300.0
2018-02-20,140.0
2018-02-21,320.0
2018-02-22,320.0
2018-02-23,10.0
2018-02-24,320.0
2018-02-25,240.0
2018-02-26,20.0
2018-02-27,350.0
2018-02-28,150.0
2018-03-01,220.0
2018-03-02,160.0
2018-03-03,280.0
2018-03-04,260.0
2018-03-05,140.0
2018-03-06,180.0
2018-03-07,180.0
2018-03-08,220.0
2018-03-09,280.0
2018-03-10,180.0
2018-03-11,190.0
2018-03-12,180.0
2018-03-13,180.0
2018-03-14,280.0
2018-03-15,200.0
2018-03-16,250.0
2018-03-17,300.0
2018-03-18,280.0
2018-03-19,240.0
2018-03-20,180.0
2018-03-21,180.0
2018-03-22,170.0
2018-03-23,210.0
2018-03-24,260.0
2018-03-25,320.0
2018-03-26,320.0
2018-03-27,50.0
2018-03-28,50.0
2018-03-29,10.0
2018-03-30,350.0
2018-03-31,310.0
2018-04-01,310.0
2018-04-02,330.0
2018-04-03,250.0
2018-04-04,260.0
2018-04-05,250.0
2018-04-06,150.0
2018-04-07,220.0
2018-04-08,240.0
2018-04-09,150.0
2018-04-10,230.0
2018-04-11,210.0
2018-04-12,250.0
2018-04-13,200.0
2018-04-14,250.0
2018-04-15,190.0
2018-04-16,330.0
2018-04-17,270.0
2018-04-18,230.0
2018-04-19,20.0
2018-04-20,120.0
2018-04-21,330.0
2018-04-22,300.0
2018-04-23,10.0
2018-04-24,140.0
2018-04-25,300.0
2018-04-26,170.0
2018-04-27,180.0
2018-04-28,220.0
2018-04-29,290.0
2018-04-30,350.0
2018-05-01,10.0
2018-05-02,10.0
2018-05-03,250.0
2018-05-04,290.0
2018-05-05,180.0
2018-05-06,270.0
2018-05-07,230.0
2018-05-08,280.0
2018-05-09,260.0
2018-05-10,300.0
2018-05-11,30.0
2018-05-12,360.0
2018-05-13,360.0
2018-05-14,80.0
2018-05-15,240.0
2018-05-16,330.0
2018-05-17,350.0
2018-05-18,290.0
2018-05-19,250.0
2018-05-20,260.0
2018-05-21,310.0
2018-05-22,50.0
2018-05-23,150.0
2018-05-24,160.0
2018-05-25,260.0
2018-05-26,320.0
2018-05-27,360.0
2018-05-28,40.0
2018-05-29,310.0
2018-05-30,250.0
2018-05-31,248.0
2018-06-01,246.0
2018-06-02,244.0
2018-06-03,242.0
2018-06-04,240.0
2018-06-05,270.0
2018-06-06,280.0
2018-06-07,260.0
2018-06-08,260.0
2018-06-09,320.0
2018-06-10,260.0
2018-06-11,265.0
2018-06-12,270.0
2018-06-13,270.0
2018-06-14,295.0
2018-06-15,320.0
2018-06-16,20.0
2018-06-17,340.0
2018-06-18,10.0
2018-06-19,20.0
2018-06-20,260.0
2018-06-21,240.0
2018-06-22,310.0
2018-06-23,340.0
2018-06-24,10.0
2018-06-25,210.0
2018-06-26,320.0
2018-06-27,280.0
2018-06-28,310.0
2018-06-29,330.0
2018-06-30,30.0
2018-07-01,290.0
2018-07-02,330.0
2018-07-03,10.0
2018-07-04,180.0
2018-07-05,140.0
2018-07-06,250.0
2018-07-07,250.0
2018-07-08,250.0
2018-07-09,270.0
2018-07-10,290.0
2018-07-11,250.0
2018-07-12,250.0
2018-07-13,290.0
2018-07-14,280.0
2018-07-15,340.0
2018-07-16,360.0
2018-07-17,280.0
2018-07-18,290.0
2018-07-19,270.0
2018-07-20,270.0
2018-07-21,250.0
2018-07-22,270.0
2018-07-23,260.0
2018-07-24,280.0
2018-07-25,260.0
2018-07-26,250.0
2018-07-27,280.0
2018-07-28,250.0
2018-07-29,250.0
2018-07-30,270.0
2018-07-31,270.0
2018-08-01,290.0
2018-08-02,240.0
2018-08-03,280.0
2018-08-04,290.0
2018-08-05,280.0
2018-08-06,300.0
2018-08-07,60.0
2018-08-08,260.0
2018-08-09,250.0
2018-08-10,260.0
2018-08-11,240.0
2018-08-12,270.0
2018-08-13,280.0
2018-08-14,260.0
2018-08-15,140.0
2018-08-16,260.0
2018-08-17,280.0
2018-08-18,290.0
2018-08-19,280.0
2018-08-20,310.0
2018-08-21,160.0
2018-08-22,290.0
2018-08-23,300.0
2018-08-24,290.0
2018-08-25,280.0
2018-08-26,290.0
2018-08-27,30.0
2018-08-28,310.0
2018-08-29,270.0
2018-08-30,290.0
2018-08-31,320.0
2018-09-01,320.0
2018-09-02,350.0
2018-09-03,300.0
2018-09-04,330.0
2018-09-05,240.0
2018-09-06,290.0
2018-09-07,260.0
2018-09-08,270.0
2018-09-09,280.0
2018-09-10,280.0
2018-09-11,280.0
2018-09-12,310.0
2018-09-13,270.0
2018-09-14,270.0
2018-09-15,250.0
2018-09-16,280.0
2018-09-17,260.0
2018-09-18,290.0
2018-09-19,300.0
2018-09-20,360.0
2018-09-21,280.0
2018-09-22,260.0
2018-09-23,330.0
2018-09-24,10.0
2018-09-25,40.0
2018-09-26,150.0
2018-09-27,270.0
2018-09-28,260.0
2018-09-29,210.0
2018-09-30,260.0
2018-10-01,290.0
2018-10-02,280.0
2018-10-03,220.0
2018-10-04,340.0
2018-10-05,300.0
2018-10-06,360.0
2018-10-07,10.0
2018-10-08,10.0
2018-10-09,300.0
2018-10-10,20.0
2018-10-11,70.0
2018-10-12,50.0
2018-10-13,10.0
2018-10-14,70.0
2018-10-15,320.0
2018-10-16,70.0
2018-10-17,60.0
2018-10-18,320.0
2018-10-19,80.0
2018-10-20,160.0
2018-10-21,280.0
2018-10-22,250.0
2018-10-23,290.0
2018-10-24,270.0
2018-10-25,330.0
2018-10-26,240.0
2018-10-27,280.0
2018-10-28,250.0
2018-10-29,330.0
2018-10-30,60.0
2018-10-31,290.0
2018-11-01,290.0
2018-11-02,300.0
2018-11-03,260.0
2018-11-04,300.0
2018-11-05,240.0
2018-11-06,140.0
2018-11-07,20.0
2018-11-08,60.0
2018-11-09,140.0
2018-11-10,30.0
2018-11-11,60.0
2018-11-12,90.0
2018-11-13,160.0
2018-11-14,160.0
2018-11-15,280.0
2018-11-16,140.0
2018-11-17,20.0
2018-11-18,170.0
2018-11-19,60.0
2018-11-20,160.0
2018-11-21,180.0
2018-11-22,200.0
2018-11-23,230.0
2018-11-24,320.0
2018-11-25,160.0
2018-11-26,180.0
2018-11-27,170.0
2018-11-28,130.0
2018-11-29,180.0
2018-11-30,260.0
2018-12-01,230.0
2018-12-02,280.0
2018-12-03,100.0
2018-12-04,130.0
2018-12-05,150.0
2018-12-06,130.0
2018-12-07,150.0
2018-12-08,120.0
2018-12-09,160.0
2018-12-10,350.0
2018-12-11,240.0
2018-12-12,300.0
2018-12-13,170.0
2018-12-14,210.0
2018-12-15,170.0
2018-12-16,190.0
2018-12-17,250.0
2018-12-18,150.0
2018-12-19,140.0
2018-12-20,270.0
2018-12-21,310.0
2018-12-22,130.0
2018-12-23,300.0
2018-12-24,180.0
2018-12-25,360.0
2018-12-26,320.0
2018-12-27,350.0
2018-12-28,340.0
2018-12-29,140.0
2018-12-30,310.0
2018-12-31,10.0
2019-01-01,10.0
2019-01-02,50.0
2019-01-03,90.0
2019-01-04,160.0
2019-01-05,170.0
2019-01-06,230.0
2019-01-07,260.0
2019-01-08,170.0
2019-01-09,210.0
2019-01-10,180.0
2019-01-11,140.0
2019-01-12,180.0
2019-01-13,60.0
2019-01-14,190.0
2019-01-15,170.0
2019-01-16,170.0
2019-01-17,140.0
2019-01-18,170.0
2019-01-19,170.0
2019-01-20,230.0
2019-01-21,310.0
2019-01-22,150.0
2019-01-23,80.0
2019-01-24,360.0
2019-01-25,80.0
2019-01-26,70.0
2019-01-27,70.0
2019-01-28,120.0
2019-01-29,60.0
2019-01-30,140.0
2019-01-31,160.0
2019-02-01,170.0
2019-02-02,200.0
2019-02-03,240.0
2019-02-04,240.0
2019-02-05,216.66666666666666
2019-02-06,193.33333333333334
2019-02-07,170.0
2019-02-08,260.0
2019-02-09,270.0
2019-02-10,250.0
2019-02-11,230.0
2019-02-12,210.0
2019-02-13,250.0
2019-02-14,230.0
2019-02-15,210.0
2019-02-16,290.0
2019-02-17,10.0
2019-02-18,210.0
2019-02-19,290.0
2019-02-20,300.0
2019-02-21,360.0
2019-02-22,140.0
2019-02-23,260.0
2019-02-24,170.0
2019-02-25,240.0
2019-02-26,180.0
2019-02-27,210.0
2019-02-28,280.0
2019-03-01,260.0
2019-03-02,130.0
2019-03-03,330.0
2019-03-04,260.0
2019-03-05,180.0
2019-03-06,190.0
2019-03-07,330.0
2019-03-08,310.0
2019-03-09,190.0
2019-03-10,10.0
2019-03-11,10.0
2019-03-12,310.0
2019-03-13,330.0
2019-03-14,150.0
2019-03-15,210.0
2019-03-16,150.0
2019-03-17,40.0
2019-03-18,180.0
2019-03-19,170.0
2019-03-20,190.0
2019-03-21,260.0
2019-03-22,250.0
2019-03-23,270.0
2019-03-24,150.0
2019-03-25,190.0
2019-03-26,220.0
2019-03-27,200.0
2019-03-28,220.0
2019-03-29,340.0
2019-03-30,70.0
2019-03-31,200.0
2019-04-01,180.0
2019-04-02,250.0
2019-04-03,270.0
2019-04-04,250.0
2019-04-05,200.0
2019-04-06,210.0
2019-04-07,220.0
2019-04-08,220.0
2019-04-09,310.0
2019-04-10,320.0
2019-04-11,310.0
2019-04-12,320.0
2019-04-13,260.0
2019-04-14,210.0
2019-04-15,200.0
2019-04-16,310.0
2019-04-17,340.0
2019-04-18,190.0
2019-04-19,270.0
2019-04-20,280.0
2019-04-21,350.0
2019-04-22,10.0
2019-04-23,290.0
2019-04-24,330.0
2019-04-25,280.0
2019-04-26,300.0
2019-04-27,320.0
2019-04-28,360.0
2019-04-29,310.0
2019-04-30,360.0
2019-05-01,250.0
2019-05-02,260.0
2019-05-03,300.0
2019-05-04,290.0
2019-05-05,320.0
2019-05-06,10.0
2019-05-07,290.0
2019-05-08,60.0
2019-05-09,40.0
2019-05-10,30.0
2019-05-11,300.0
2019-05-12,270.0
2019-05-13,290.0
2019-05-14,250.0
2019-05-15,180.0
2019-05-16,230.0
2019-05-17,250.0
2019-05-18,200.0
2019-05-19,260.0
2019-05-20,230.0
2019-05-21,260.0
2019-05-22,20.0
2019-05-23,10.0
2019-05-24,320.0
2019-05-25,290.0
2019-05-26,130.0
2019-05-27,280.0
2019-05-28,320.0
2019-05-29,90.0
2019-05-30,10.0
2019-05-31,20.0
2019-06-01,30.0
2019-06-02,360.0
2019-06-03,360.0
2019-06-04,310.0
2019-06-05,260.0
2019-06-06,260.0
2019-06-07,320.0
2019-06-08,40.0
2019-06-09,200.0
2019-06-10,310.0
2019-06-11,290.0
2019-06-12,270.0
2019-06-13,250.0
2019-06-14,310.0
2019-06-15,270.0
2019-06-16,360.0
2019-06-17,350.0
2019-06-18,320.0
2019-06-19,320.0
2019-06-20,300.0
2019-06-21,350.0
2019-06-22,40.0
2019-06-23,290.0
2019-06-24,250.0
2019-06-25,260.0
2019-06-26,270.0
2019-06-27,280.0
2019-06-28,270.0
2019-06-29,270.0
2019-06-30,250.0
2019-07-01,270.0
2019-07-02,300.0
2019-07-03,310.0
2019-07-04,220.0
2019-07-05,140.0
2019-07-06,270.0
2019-07-07,170.0
2019-07-08,270.0
2019-07-09,280.0
2019-07-10,270.0
2019-07-11,290.0
2019-07-12,260.0
2019-07-13,270.0
2019-07-14,260.0
2019-07-15,230.0
2019-07-16,270.0
2019-07-17,260.0
2019-07-18,170.0
2019-07-19,250.0
2019-07-20,230.0
2019-07-21,250.0
2019-07-22,250.0
2019-07-23,280.0
2019-07-24,290.0
2019-07-25,250.0
2019-07-26,260.0
2019-07-27,250.0
2019-07-28,260.0
2019-07-29,250.0
2019-07-30,270.0
2019-07-31,280.0
2019-08-01,250.0
2019-08-02,270.0
2019-08-03,270.0
2019-08-04,270.0
2019-08-05,250.0
2019-08-06,260.0
2019-08-07,260.0
2019-08-08,270.0
2019-08-09,260.0
2019-08-10,260.0
2019-08-11,350.0
2019-08-12,280.0
2019-08-13,270.0
2019-08-14,280.0
2019-08-15,290.0
2019-08-16,320.0
2019-08-17,290.0
2019-08-18,280.0
2019-08-19,270.0
2019-08-20,250.0
2019-08-21,320.0
2019-08-22,10.0
2019-08-23,270.0
2019-08-24,290.0
2019-08-25,230.0
2019-08-26,30.0
2019-08-27,170.0
2019-08-28,160.0
2019-08-29,270.0
2019-08-30,140.0
2019-08-31,280.0
2019-09-01,290.0
2019-09-02,170.0
2019-09-03,250.0
2019-09-04,270.0
2019-09-05,180.0
2019-09-06,290.0
2019-09-07,160.0
2019-09-08,330.0
2019-09-09,250.0
2019-09-10,250.0
2019-09-11,150.0
2019-09-12,150.0
2019-09-13,280.0
2019-09-14,270.0
2019-09-15,260.0
2019-09-16,270.0
2019-09-17,230.0
2019-09-18,290.0
2019-09-19,310.0
2019-09-20,80.0
2019-09-21,140.0
2019-09-22,290.0
2019-09-23,330.0
2019-09-24,330.0
2019-09-25,10.0
2019-09-26,310.0
2019-09-27,290.0
2019-09-28,300.0
2019-09-29,260.0
2019-09-30,270.0
2019-10-01,100.0
2019-10-02,180.0
2019-10-03,330.0
2019-10-04,140.0
2019-10-05,20.0
2019-10-06,190.0
2019-10-07,260.0
2019-10-08,240.0
2019-10-09,360.0
2019-10-10,40.0
2019-10-11,50.0
2019-10-12,250.0
2019-10-13,270.0
2019-10-14,280.0
2019-10-15,270.0
2019-10-16,240.0
2019-10-17,300.0
2019-10-18,270.0
2019-10-19,260.0
2019-10-20,300.0
2019-10-21,330.0
2019-10-22,310.0
2019-10-23,20.0
2019-10-24,180.0
2019-10-25,310.0
2019-10-26,10.0
2019-10-27,40.0
2019-10-28,310.0
2019-10-29,20.0
2019-10-30,150.0
2019-10-31,60.0
2019-11-01,150.0
2019-11-02,80.0
2019-11-03,10.0
2019-11-04,70.0
2019-11-05,270.0
2019-11-06,70.0
2019-11-07,130.0
2019-11-08,80.0
2019-11-09,70.0
2019-11-10,310.0
2019-11-11,60.0
2019-11-12,270.0
2019-11-13,80.0
2019-11-14,320.0
2019-11-15,130.0
2019-11-16,10.0
2019-11-17,330.0
2019-11-18,200.0
2019-11-19,20.0
2019-11-20,20.0
2019-11-21,30.0
2019-11-22,280.0
2019-11-23,50.0
2019-11-24,310.0
2019-11-25,310.0
2019-11-26,180.0
2019-11-27,160.0
2019-11-28,20.0
2019-11-29,270.0
2019-11-30,180.0
2019-12-01,170.0
2019-12-02,180.0
2019-12-03,180.0
2019-12-04,120.0
2019-12-05,190.0
2019-12-06,180.0
2019-12-07,160.0
2019-12-08,320.0
2019-12-09,50.0
2019-12-10,270.0
2019-12-11,190.0
2019-12-12,230.0
2019-12-13,250.0
2019-12-14,240.0
2019-12-15,300.0
2019-12-16,160.0
2019-12-17,140.0
2019-12-18,160.0
2019-12-19,160.0
2019-12-20,190.0
2019-12-21,210.0
2019-12-22,170.0
2019-12-23,290.0
2019-12-24,260.0
2019-12-25,260.0
2019-12-26,330.0
2019-12-27,110.0
2019-12-28,70.0
2019-12-29,260.0
2019-12-30,310.0
2019-12-31,120.0
2020-01-01,290.0
2020-01-02,140.0
2020-01-03,170.0
2020-01-04,280.0
2020-01-05,250.0
2020-01-06,260.0
2020-01-07,220.0
2020-01-08,270.0
2020-01-09,320.0
2020-01-10,260.0
2020-01-11,300.0
2020-01-12,270.0
2020-01-13,250.0
2020-01-14,270.0
2020-01-15,170.0
2020-01-16,180.0
2020-01-17,250.0
2020-01-18,170.0
2020-01-19,150.0
2020-01-20,190.0
2020-01-21,180.0
2020-01-22,290.0
2020-01-23,250.0
2020-01-24,260.0
2020-01-25,170.0
2020-01-26,260.0
2020-01-27,240.0
2020-01-28,260.0
2020-01-29,90.0
2020-01-30,330.0
2020-01-31,290.0
2020-02-01,240.0
2020-02-02,10.0
2020-02-03,20.0
2020-02-04,10.0
2020-02-05,110.0
2020-02-06,70.0
2020-02-07,30.0
2020-02-08,310.0
2020-02-09,350.0
2020-02-10,20.0
2020-02-11,290.0
2020-02-12,10.0
2020-02-13,280.0
2020-02-14,320.0
2020-02-15,240.0
2020-02-16,290.0
2020-02-17,20.0
2020-02-18,20.0
2020-02-19,190.0
2020-02-20,180.0
2020-02-21,140.0
2020-02-22,310.0
2020-02-23,260.0
2020-02-24,320.0
2020-02-25,90.0
2020-02-26,320.0
2020-02-27,50.0
2020-02-28,250.0
2020-02-29,330.0
2020-03-01,350.0
2020-03-02,30.0
2020-03-03,330.0
2020-03-04,310.0
2020-03-05,250.0
2020-03-06,200.0
2020-03-07,270.0
2020-03-08,200.0
2020-03-09,240.0
2020-03-10,70.0
2020-03-11,320.0
2020-03-12,20.0
2020-03-13,220.0
2020-03-14,260.0
2020-03-15,170.0
2020-03-16,10.0
2020-03-17,270.0
2020-03-18,160.0
2020-03-19,150.0
2020-03-20,60.0
2020-03-21,10.0
2020-03-22,200.0
2020-03-23,240.0
2020-03-24,250.0
2020-03-25,250.0
2020-03-26,320.0
2020-03-27,290.0
2020-03-28,250.0
2020-03-29,280.0
2020-03-30,240.0
2020-03-31,250.0
2020-04-01,290.0
2020-04-02,340.0
2020-04-03,280.0
2020-04-04,210.0
2020-04-05,150.0
2020-04-06,10.0
2020-04-07,15.0
2020-04-08,20.0
2020-04-09,10.0
2020-04-10,320.0
2020-04-11,300.0
2020-04-12,280.0
2020-04-13,40.0
2020-04-14,300.0
2020-04-15,320.0
2020-04-16,40.0
2020-04-17,50.0
2020-04-18,220.0
2020-04-19,260.0
2020-04-20,250.0
2020-04-21,320.0
2020-04-22,280.0
2020-04-23,320.0
2020-04-24,320.0
2020-04-25,320.0
2020-04-26,260.0
2020-04-27,270.0
2020-04-28,40.0
2020-04-29,270.0
2020-04-30,260.0
2020-05-01,270.0
2020-05-02,250.0
2020-05-03,280.0
2020-05-04,260.0
2020-05-05,280.0
2020-05-06,330.0
2020-05-07,50.0
2020-05-08,350.0
2020-05-09,260.0
2020-05-10,280.0
2020-05-11,270.0
2020-05-12,260.0
2020-05-13,270.0
2020-05-14,260.0
2020-05-15,240.0
2020-05-16,200.0
2020-05-17,190.0
2020-05-18,250.0
2020-05-19,310.0
2020-05-20,290.0
2020-05-21,290.0
2020-05-22,20.0
2020-05-23,10.0
2020-05-24,350.0
2020-05-25,350.0
2020-05-26,240.0
2020-05-27,240.0
2020-05-28,280.0
2020-05-29,190.0
2020-05-30,270.0
2020-05-31,190.0
2020-06-01,320.0
2020-06-02,270.0
2020-06-03,270.0
2020-06-04,260.0
2020-06-05,280.0
2020-06-06,250.0
2020-06-07,350.0
2020-06-08,320.0
2020-06-09,270.0
2020-06-10,220.0
2020-06-11,190.0
2020-06-12,180.0
2020-06-13,310.0
2020-06-14,270.0
2020-06-15,220.0
2020-06-16,340.0
2020-06-17,60.0
2020-06-18,20.0
2020-06-19,30.0
2020-06-20,250.0
2020-06-21,330.0
2020-06-22,10.0
2020-06-23,210.0
2020-06-24,320.0
2020-06-25,10.0
2020-06-26,360.0
2020-06-27,320.0
2020-06-28,320.0
2020-06-29,320.0
2020-06-30,320.0
2020-07-01,340.0
2020-07-02,230.0
2020-07-03,260.0
2020-07-04,230.0
2020-07-05,280.0
2020-07-06,260.0
2020-07-07,350.0
2020-07-08,330.0
2020-07-09,270.0
2020-07-10,250.0
2020-07-11,280.0
2020-07-12,280.0
2020-07-13,280.0
2020-07-14,30.0
2020-07-15,10.0
2020-07-16,280.0
2020-07-17,280.0
2020-07-18,280.0
2020-07-19,270.0
2020-07-20,260.0
2020-07-21,180.0
2020-07-22,270.0
2020-07-23,250.0
2020-07-24,280.0
2020-07-25,260.0
2020-07-26,200.0
2020-07-27,330.0
2020-07-28,240.0
2020-07-29,260.0
2020-07-30,270.0
2020-07-31,270.0
2020-08-01,270.0
2020-08-02,290.0
2020-08-03,220.0
2020-08-04,270.0
2020-08-05,270.0
2020-08-06,260.0
2020-08-07,320.0
2020-08-08,290.0
2020-08-09,20.0
2020-08-10,350.0
2020-08-11,160.0
2020-08-12,280.0
2020-08-13,290.0
2020-08-14,270.0
2020-08-15,240.0
2020-08-16,260.0
2020-08-17,240.0
2020-08-18,290.0
2020-08-19,260.0
2020-08-20,280.0
2020-08-21,270.0
2020-08-22,280.0
2020-08-23,290.0
2020-08-24,250.0
2020-08-25,150.0
2020-08-26,260.0
2020-08-27,300.0
2020-08-28,60.0
2020-08-29,300.0
2020-08-30,30.0
2020-08-31,20.0
2020-09-01,20.0
2020-09-02,250.0
2020-09-03,340.0
2020-09-04,280.0
2020-09-05,290.0
2020-09-06,360.0
2020-09-07,10.0
2020-09-08,10.0
2020-09-09,60.0
2020-09-10,270.0
2020-09-11,280.0
2020-09-12,170.0
2020-09-13,270.0
2020-09-14,220.0
2020-09-15,300.0
2020-09-16,160.0
2020-09-17,220.0
2020-09-18,280.0
2020-09-19,290.0
2020-09-20,200.0
2020-09-21,270.0
2020-09-22,270.0
2020-09-23,270.0
2020-09-24,290.0
2020-09-25,290.0
2020-09-26,310.0
2020-09-27,60.0
2020-09-28,40.0
2020-09-29,140.0
2020-09-30,310.0
2020-10-01,60.0
2020-10-02,270.0
2020-10-03,140.0
2020-10-04,270.0
2020-10-05,320.0
2020-10-06,260.0
2020-10-07,250.0
2020-10-08,280.0
2020-10-09,270.0
2020-10-10,250.0
2020-10-11,270.0
2020-10-12,270.0
2020-10-13,260.0
2020-10-14,300.0
2020-10-15,10.0
2020-10-16,350.0
2020-10-17,300.0
2020-10-18,320.0
2020-10-19,60.0
2020-10-20,300.0
2020-10-21,350.0
2020-10-22,360.0
2020-10-23,130.0
2020-10-24,10.0
2020-10-25,10.0
2020-10-26,10.0
2020-10-27,140.0
2020-10-28,120.0
2020-10-29,150.0
2020-10-30,250.0
2020-10-31,20.0
2020-11-01,160.0
2020-11-02,230.0
2020-11-03,280.0
2020-11-04,270.0
