Datetime,DailyMaximumDryBulbTemperature
2011-01-01,34.0
2011-01-02,37.0
2011-01-03,31.0
2011-01-04,32.0
2011-01-05,35.0
2011-01-06,45.0
2011-01-07,44.0
2011-01-08,39.0
2011-01-09,30.0
2011-01-10,33.0
2011-01-11,35.0
2011-01-12,46.0
2011-01-13,43.0
2011-01-14,47.0
2011-01-15,48.0
2011-01-16,53.0
2011-01-17,51.0
2011-01-18,44.0
2011-01-19,44.0
2011-01-20,50.0
2011-01-21,51.0
2011-01-22,50.0
2011-01-23,47.0
2011-01-24,53.0
2011-01-25,52.0
2011-01-26,53.0
2011-01-27,59.0
2011-01-28,55.0
2011-01-29,51.0
2011-01-30,42.0
2011-01-31,45.0
2011-02-01,39.0
2011-02-02,46.0
2011-02-03,53.0
2011-02-04,53.0
2011-02-05,51.0
2011-02-06,54.0
2011-02-07,48.0
2011-02-08,36.0
2011-02-09,44.0
2011-02-10,51.0
2011-02-11,57.0
2011-02-12,62.0
2011-02-13,59.0
2011-02-14,48.0
2011-02-15,52.0
2011-02-16,37.0
2011-02-17,33.0
2011-02-18,36.0
2011-02-19,34.0
2011-02-20,34.0
2011-02-21,37.0
2011-02-22,39.0
2011-02-23,37.0
2011-02-24,34.0
2011-02-25,24.0
2011-02-26,20.0
2011-02-27,32.0
2011-02-28,38.0
2011-03-01,45.0
2011-03-02,49.0
2011-03-03,42.0
2011-03-04,48.0
2011-03-05,46.0
2011-03-06,44.0
2011-03-07,39.0
2011-03-08,45.0
2011-03-09,58.0
2011-03-10,47.0
2011-03-11,47.0
2011-03-12,47.0
2011-03-13,51.0
2011-03-14,50.0
2011-03-15,51.0
2011-03-16,41.0
2011-03-17,42.0
2011-03-18,42.0
2011-03-19,36.0
2011-03-20,47.0
2011-03-21,45.0
2011-03-22,42.0
2011-03-23,44.0
2011-03-24,44.0
2011-03-25,43.0
2011-03-26,45.0
2011-03-27,44.0
2011-03-28,47.0
2011-03-29,50.0
2011-03-30,58.0
2011-03-31,69.0
2011-04-01,73.0
2011-04-02,48.0
2011-04-03,50.0
2011-04-04,64.0
2011-04-05,55.0
2011-04-06,52.0
2011-04-07,37.0
2011-04-08,45.0
2011-04-09,46.0
2011-04-10,56.0
2011-04-11,53.0
2011-04-12,56.0
2011-04-13,46.0
2011-04-14,51.0
2011-04-15,51.0
2011-04-16,64.0
2011-04-17,60.0
2011-04-18,52.0
2011-04-19,57.0
2011-04-20,49.0
2011-04-21,43.0
2011-04-22,54.0
2011-04-23,49.0
2011-04-24,51.0
2011-04-25,50.0
2011-04-26,50.0
2011-04-27,61.0
2011-04-28,50.0
2011-04-29,44.0
2011-04-30,53.0
2011-05-01,63.0
2011-05-02,67.0
2011-05-03,61.0
2011-05-04,71.0
2011-05-05,74.0
2011-05-06,72.0
2011-05-07,64.0
2011-05-08,51.0
2011-05-09,53.0
2011-05-10,66.0
2011-05-11,69.0
2011-05-12,66.0
2011-05-13,76.0
2011-05-14,67.0
2011-05-15,41.0
2011-05-16,51.0
2011-05-17,45.0
2011-05-18,53.0
2011-05-19,64.0
2011-05-20,69.0
2011-05-21,65.0
2011-05-22,63.0
2011-05-23,54.0
2011-05-24,63.0
2011-05-25,51.0
2011-05-26,51.0
2011-05-27,56.0
2011-05-28,45.0
2011-05-29,51.0
2011-05-30,57.0
2011-05-31,62.0
2011-06-01,52.0
2011-06-02,56.0
2011-06-03,63.0
2011-06-04,70.0
2011-06-05,66.0
2011-06-06,56.0
2011-06-07,69.0
2011-06-08,71.0
2011-06-09,73.0
2011-06-10,73.0
2011-06-11,62.0
2011-06-12,74.0
2011-06-13,75.0
2011-06-14,81.0
2011-06-15,75.0
2011-06-16,70.0
2011-06-17,78.0
2011-06-18,71.0
2011-06-19,73.0
2011-06-20,84.0
2011-06-21,89.0
2011-06-22,90.0
2011-06-23,81.0
2011-06-24,79.0
2011-06-25,79.0
2011-06-26,81.0
2011-06-27,85.0
2011-06-28,65.0
2011-06-29,71.0
2011-06-30,77.0
2011-07-01,84.0
2011-07-02,92.0
2011-07-03,88.0
2011-07-04,90.0
2011-07-05,94.0
2011-07-06,96.0
2011-07-07,89.0
2011-07-08,86.0
2011-07-09,87.0
2011-07-10,86.0
2011-07-11,84.0
2011-07-12,81.0
2011-07-13,77.0
2011-07-14,75.0
2011-07-15,81.0
2011-07-16,78.0
2011-07-17,81.0
2011-07-18,84.0
2011-07-19,77.0
2011-07-20,84.0
2011-07-21,84.0
2011-07-22,85.0
2011-07-23,93.0
2011-07-24,91.0
2011-07-25,85.0
2011-07-26,83.0
2011-07-27,88.0
2011-07-28,93.0
2011-07-29,96.0
2011-07-30,93.0
2011-07-31,93.0
2011-08-01,90.0
2011-08-02,90.0
2011-08-03,90.0
2011-08-04,87.0
2011-08-05,89.0
2011-08-06,89.0
2011-08-07,87.0
2011-08-08,86.0
2011-08-09,86.0
2011-08-10,87.0
2011-08-11,87.0
2011-08-12,90.0
2011-08-13,88.0
2011-08-14,85.0
2011-08-15,83.0
2011-08-16,89.0
2011-08-17,87.0
2011-08-18,88.0
2011-08-19,89.0
2011-08-20,91.0
2011-08-21,88.0
2011-08-22,86.0
2011-08-23,92.0
2011-08-24,94.0
2011-08-25,90.0
2011-08-26,94.0
2011-08-27,94.0
2011-08-28,91.0
2011-08-29,89.0
2011-08-30,88.0
2011-08-31,79.0
2011-09-01,78.0
2011-09-02,86.0
2011-09-03,90.0
2011-09-04,91.0
2011-09-05,87.0
2011-09-06,90.0
2011-09-07,93.0
2011-09-08,90.0
2011-09-09,90.0
2011-09-10,89.0
2011-09-11,85.0
2011-09-12,85.0
2011-09-13,86.0
2011-09-14,84.0
2011-09-15,80.0
2011-09-16,73.0
2011-09-17,74.0
2011-09-18,82.0
2011-09-19,84.0
2011-09-20,85.0
2011-09-21,88.0
2011-09-22,90.0
2011-09-23,92.0
2011-09-24,86.0
2011-09-25,67.0
2011-09-26,77.0
2011-09-27,83.0
2011-09-28,86.0
2011-09-29,89.0
2011-09-30,88.0
2011-10-01,74.0
2011-10-02,72.0
2011-10-03,67.0
2011-10-04,55.0
2011-10-05,45.0
2011-10-06,49.0
2011-10-07,58.0
2011-10-08,67.0
2011-10-09,68.0
2011-10-10,57.0
2011-10-11,62.0
2011-10-12,71.0
2011-10-13,74.0
2011-10-14,79.0
2011-10-15,72.0
2011-10-16,67.0
2011-10-17,71.0
2011-10-18,77.0
2011-10-19,70.0
2011-10-20,72.0
2011-10-21,69.0
2011-10-22,72.0
2011-10-23,72.0
2011-10-24,61.0
2011-10-25,54.0
2011-10-26,55.0
2011-10-27,62.0
2011-10-28,66.0
2011-10-29,66.0
2011-10-30,70.0
2011-10-31,61.0
2011-11-01,50.0
2011-11-02,58.0
2011-11-03,49.0
2011-11-04,39.0
2011-11-05,35.0
2011-11-06,35.0
2011-11-07,36.0
2011-11-08,45.0
2011-11-09,51.0
2011-11-10,58.0
2011-11-11,58.0
2011-11-12,47.0
2011-11-13,49.0
2011-11-14,51.0
2011-11-15,47.0
2011-11-16,56.0
2011-11-17,53.0
2011-11-18,42.0
2011-11-19,36.0
2011-11-20,38.0
2011-11-21,40.0
2011-11-22,48.0
2011-11-23,55.0
2011-11-24,47.0
2011-11-25,47.0
2011-11-26,58.0
2011-11-27,62.0
2011-11-28,56.0
2011-11-29,56.0
2011-11-30,44.0
2011-12-01,45.0
2011-12-02,47.0
2011-12-03,41.0
2011-12-04,45.0
2011-12-05,41.0
2011-12-06,48.0
2011-12-07,49.0
2011-12-08,48.0
2011-12-09,53.0
2011-12-10,51.0
2011-12-11,47.0
2011-12-12,37.0
2011-12-13,41.0
2011-12-14,44.0
2011-12-15,41.0
2011-12-16,47.0
2011-12-17,54.0
2011-12-18,45.0
2011-12-19,45.0
2011-12-20,46.0
2011-12-21,39.0
2011-12-22,39.0
2011-12-23,44.0
2011-12-24,51.0
2011-12-25,53.0
2011-12-26,50.0
2011-12-27,47.0
2011-12-28,52.0
2011-12-29,50.0
2011-12-30,50.0
2011-12-31,53.5
2012-01-01,57.0
2012-01-02,62.0
2012-01-03,56.0
2012-01-04,62.0
2012-01-05,54.0
2012-01-06,39.0
2012-01-07,43.0
2012-01-08,51.0
2012-01-09,56.0
2012-01-10,54.0
2012-01-11,49.0
2012-01-12,49.0
2012-01-13,55.0
2012-01-14,54.0
2012-01-15,37.0
2012-01-16,29.0
2012-01-17,35.0
2012-01-18,42.0
2012-01-19,43.0
2012-01-20,44.0
2012-01-21,42.0
2012-01-22,39.0
2012-01-23,34.0
2012-01-24,42.0
2012-01-25,50.0
2012-01-26,48.0
2012-01-27,44.0
2012-01-28,47.0
2012-01-29,55.0
2012-01-30,50.0
2012-01-31,52.0
2012-02-01,46.0
2012-02-02,45.0
2012-02-03,47.0
2012-02-04,49.0
2012-02-05,52.0
2012-02-06,53.0
2012-02-07,43.0
2012-02-08,51.0
2012-02-09,61.0
2012-02-10,49.0
2012-02-11,45.0
2012-02-12,45.0
2012-02-13,36.0
2012-02-14,42.0
2012-02-15,40.0
2012-02-16,46.0
2012-02-17,52.0
2012-02-18,40.0
2012-02-19,43.0
2012-02-20,38.0
2012-02-21,48.0
2012-02-22,54.0
2012-02-23,46.0
2012-02-24,64.0
2012-02-25,37.0
2012-02-26,37.0
2012-02-27,41.0
2012-02-28,37.5
2012-02-29,34.0
2012-03-01,33.0
2012-03-02,42.0
2012-03-03,54.0
2012-03-04,63.0
2012-03-05,57.0
2012-03-06,43.0
2012-03-07,48.0
2012-03-08,62.0
2012-03-09,68.0
2012-03-10,60.0
2012-03-11,46.0
2012-03-12,52.0
2012-03-13,45.0
2012-03-14,48.0
2012-03-15,55.0
2012-03-16,52.0
2012-03-17,45.0
2012-03-18,37.0
2012-03-19,38.0
2012-03-20,45.0
2012-03-21,58.0
2012-03-22,54.0
2012-03-23,51.0
2012-03-24,53.0
2012-03-25,49.0
2012-03-26,45.0
2012-03-27,53.0
2012-03-28,46.0
2012-03-29,50.0
2012-03-30,57.0
2012-03-31,52.0
2012-04-01,44.0
2012-04-02,56.0
2012-04-03,63.0
2012-04-04,39.0
2012-04-05,36.0
2012-04-06,44.0
2012-04-07,61.0
2012-04-08,69.0
2012-04-09,67.0
2012-04-10,61.0
2012-04-11,50.0
2012-04-12,51.0
2012-04-13,43.0
2012-04-14,54.0
2012-04-15,60.0
2012-04-16,60.0
2012-04-17,60.0
2012-04-18,58.0
2012-04-19,66.0
2012-04-20,76.0
2012-04-21,81.0
2012-04-22,84.0
2012-04-23,81.0
2012-04-24,73.0
2012-04-25,59.0
2012-04-26,49.0
2012-04-27,53.0
2012-04-28,64.0
2012-04-29,70.0
2012-04-30,65.0
2012-05-01,65.0
2012-05-02,59.0
2012-05-03,55.0
2012-05-04,47.0
2012-05-05,57.0
2012-05-06,66.0
2012-05-07,73.0
2012-05-08,79.0
2012-05-09,77.0
2012-05-10,66.0
2012-05-11,72.0
2012-05-12,79.0
2012-05-13,83.0
2012-05-14,84.0
2012-05-15,86.0
2012-05-16,82.0
2012-05-17,60.0
2012-05-18,68.0
2012-05-19,75.0
2012-05-20,82.0
2012-05-21,77.0
2012-05-22,68.0
2012-05-23,60.0
2012-05-24,60.0
2012-05-25,48.0
2012-05-26,60.0
2012-05-27,63.0
2012-05-28,70.0
2012-05-29,75.0
2012-05-30,81.0
2012-05-31,86.0
2012-06-01,89.0
2012-06-02,80.0
2012-06-03,80.0
2012-06-04,64.0
2012-06-05,55.0
2012-06-06,65.0
2012-06-07,66.0
2012-06-08,64.0
2012-06-09,64.0
2012-06-10,74.0
2012-06-11,82.0
2012-06-12,82.0
2012-06-13,82.0
2012-06-14,83.0
2012-06-15,82.0
2012-06-16,89.0
2012-06-17,91.0
2012-06-18,75.0
2012-06-19,72.0
2012-06-20,86.0
2012-06-21,89.0
2012-06-22,70.0
2012-06-23,65.0
2012-06-24,74.0
2012-06-25,71.0
2012-06-26,69.0
2012-06-27,84.0
2012-06-28,82.0
2012-06-29,85.0
2012-06-30,83.0
2012-07-01,81.0
2012-07-02,90.0
2012-07-03,82.0
2012-07-04,85.0
2012-07-05,86.0
2012-07-06,90.0
2012-07-07,95.0
2012-07-08,96.0
2012-07-09,93.0
2012-07-10,96.0
2012-07-11,96.0
2012-07-12,96.0
2012-07-13,94.0
2012-07-14,89.0
2012-07-15,89.0
2012-07-16,86.0
2012-07-17,81.0
2012-07-18,82.0
2012-07-19,81.0
2012-07-20,83.0
2012-07-21,93.0
2012-07-22,93.0
2012-07-23,91.0
2012-07-24,91.0
2012-07-25,89.0
2012-07-26,91.0
2012-07-27,88.0
2012-07-28,89.0
2012-07-29,93.0
2012-07-30,90.0
2012-07-31,91.0
2012-08-01,91.0
2012-08-02,92.0
2012-08-03,94.0
2012-08-04,98.0
2012-08-05,90.0
2012-08-06,95.0
2012-08-07,94.0
2012-08-08,93.0
2012-08-09,96.0
2012-08-10,94.0
2012-08-11,96.0
2012-08-12,98.0
2012-08-13,95.0
2012-08-14,99.0
2012-08-15,99.0
2012-08-16,96.0
2012-08-17,97.0
2012-08-18,90.0
2012-08-19,90.0
2012-08-20,91.0
2012-08-21,87.0
2012-08-22,87.0
2012-08-23,89.0
2012-08-24,88.0
2012-08-25,89.0
2012-08-26,85.0
2012-08-27,84.0
2012-08-28,84.0
2012-08-29,85.0
2012-08-30,89.0
2012-08-31,86.0
2012-09-01,80.0
2012-09-02,86.0
2012-09-03,89.0
2012-09-04,87.0
2012-09-05,88.0
2012-09-06,84.0
2012-09-07,88.0
2012-09-08,93.0
2012-09-09,85.0
2012-09-10,81.0
2012-09-11,82.0
2012-09-12,87.0
2012-09-13,90.0
2012-09-14,86.0
2012-09-15,85.0
2012-09-16,84.0
2012-09-17,87.0
2012-09-18,89.0
2012-09-19,90.0
2012-09-20,91.0
2012-09-21,90.0
2012-09-22,85.0
2012-09-23,77.0
2012-09-24,75.0
2012-09-25,79.0
2012-09-26,83.0
2012-09-27,86.0
2012-09-28,85.0
2012-09-29,85.0
2012-09-30,86.0
2012-10-01,89.0
2012-10-02,86.0
2012-10-03,77.0
2012-10-04,79.0
2012-10-05,74.0
2012-10-06,76.0
2012-10-07,75.0
2012-10-08,72.0
2012-10-09,72.0
2012-10-10,76.0
2012-10-11,79.0
2012-10-12,67.0
2012-10-13,69.0
2012-10-14,76.0
2012-10-15,73.0
2012-10-16,68.0
2012-10-17,70.0
2012-10-18,79.0
2012-10-19,75.0
2012-10-20,63.0
2012-10-21,55.0
2012-10-22,45.0
2012-10-23,42.0
2012-10-24,43.0
2012-10-25,48.0
2012-10-26,59.0
2012-10-27,62.0
2012-10-28,69.0
2012-10-29,68.0
2012-10-30,67.0
2012-10-31,66.0
2012-11-01,56.0
2012-11-02,59.0
2012-11-03,64.0
2012-11-04,69.0
2012-11-05,73.0
2012-11-06,73.0
2012-11-07,65.0
2012-11-08,44.0
2012-11-09,34.0
2012-11-10,32.0
2012-11-11,33.0
2012-11-12,48.0
2012-11-13,52.0
2012-11-14,55.0
2012-11-15,57.0
2012-11-16,47.0
2012-11-17,52.0
2012-11-18,39.0
2012-11-19,49.0
2012-11-20,56.0
2012-11-21,50.0
2012-11-22,52.0
2012-11-23,59.0
2012-11-24,58.0
2012-11-25,53.0
2012-11-26,59.0
2012-11-27,60.0
2012-11-28,51.0
2012-11-29,54.0
2012-11-30,47.0
2012-12-01,55.0
2012-12-02,47.0
2012-12-03,48.0
2012-12-04,46.0
2012-12-05,50.0
2012-12-06,47.0
2012-12-07,42.0
2012-12-08,39.0
2012-12-09,45.0
2012-12-10,48.0
2012-12-11,42.0
2012-12-12,34.0
2012-12-13,34.0
2012-12-14,27.0
2012-12-15,31.0
2012-12-16,41.0
2012-12-17,41.0
2012-12-18,29.0
2012-12-19,32.0
2012-12-20,44.0
2012-12-21,39.0
2012-12-22,36.0
2012-12-23,36.0
2012-12-24,32.0
2012-12-25,35.0
2012-12-26,35.0
2012-12-27,31.0
2012-12-28,31.0
2012-12-29,30.0
2012-12-30,31.0
2012-12-31,22.0
2013-01-01,26.0
2013-01-02,31.0
2013-01-03,38.0
2013-01-04,33.0
2013-01-05,33.0
2013-01-06,30.0
2013-01-07,36.0
2013-01-08,43.0
2013-01-09,41.0
2013-01-10,27.0
2013-01-11,28.0
2013-01-12,12.0
2013-01-13,8.0
2013-01-14,16.0
2013-01-15,22.0
2013-01-16,26.0
2013-01-17,29.0
2013-01-18,34.0
2013-01-19,35.714285714285715
2013-01-20,37.42857142857143
2013-01-21,39.14285714285714
2013-01-22,40.857142857142854
2013-01-23,42.57142857142857
2013-01-24,44.285714285714285
2013-01-25,46.0
2013-01-26,39.0
2013-01-27,33.0
2013-01-28,33.0
2013-01-29,41.0
2013-01-30,44.0
2013-01-31,48.0
2013-02-01,51.0
2013-02-02,50.0
2013-02-03,50.0
2013-02-04,52.0
2013-02-05,47.0
2013-02-06,48.0
2013-02-07,38.0
2013-02-08,35.0
2013-02-09,39.0
2013-02-10,42.0
2013-02-11,46.0
2013-02-12,46.0
2013-02-13,51.0
2013-02-14,50.0
2013-02-15,57.0
2013-02-16,57.0
2013-02-17,44.0
2013-02-18,49.0
2013-02-19,33.0
2013-02-20,37.0
2013-02-21,37.0
2013-02-22,49.0
2013-02-23,37.0
2013-02-24,43.0
2013-02-25,42.0
2013-02-26,43.0
2013-02-27,51.0
2013-02-28,51.0
2013-03-01,63.0
2013-03-02,58.0
2013-03-03,50.0
2013-03-04,56.0
2013-03-05,52.0
2013-03-06,41.0
2013-03-07,44.0
2013-03-08,50.0
2013-03-09,52.0
2013-03-10,58.0
2013-03-11,61.0
2013-03-12,69.0
2013-03-13,68.0
2013-03-14,68.0
2013-03-15,64.0
2013-03-16,60.0
2013-03-17,52.0
2013-03-18,56.0
2013-03-19,58.0
2013-03-20,57.0
2013-03-21,46.0
2013-03-22,42.0
2013-03-23,51.0
2013-03-24,59.0
2013-03-25,63.0
2013-03-26,55.0
2013-03-27,60.0
2013-03-28,60.0
2013-03-29,67.0
2013-03-30,74.0
2013-03-31,51.0
2013-04-01,46.0
2013-04-02,61.0
2013-04-03,68.0
2013-04-04,56.0
2013-04-05,56.0
2013-04-06,54.0
2013-04-07,51.0
2013-04-08,45.0
2013-04-09,58.0
2013-04-10,65.0
2013-04-11,60.0
2013-04-12,68.0
2013-04-13,55.0
2013-04-14,49.0
2013-04-15,42.0
2013-04-16,45.0
2013-04-17,50.0
2013-04-18,62.0
2013-04-19,60.0
2013-04-20,64.0
2013-04-21,67.0
2013-04-22,59.0
2013-04-23,65.0
2013-04-24,67.0
2013-04-25,73.0
2013-04-26,77.0
2013-04-27,79.0
2013-04-28,72.0
2013-04-29,64.0
2013-04-30,61.0
2013-05-01,66.0
2013-05-02,75.0
2013-05-03,76.0
2013-05-04,67.0
2013-05-05,72.0
2013-05-06,66.0
2013-05-07,55.0
2013-05-08,63.0
2013-05-09,75.0
2013-05-10,81.0
2013-05-11,83.0
2013-05-12,83.0
2013-05-13,82.0
2013-05-14,80.0
2013-05-15,74.0
2013-05-16,54.0
2013-05-17,61.0
2013-05-18,64.0
2013-05-19,65.0
2013-05-20,74.0
2013-05-21,65.0
2013-05-22,54.0
2013-05-23,57.0
2013-05-24,67.0
2013-05-25,68.0
2013-05-26,63.0
2013-05-27,55.0
2013-05-28,64.0
2013-05-29,66.0
2013-05-30,69.0
2013-05-31,75.0
2013-06-01,82.0
2013-06-02,79.0
2013-06-03,81.0
2013-06-04,85.0
2013-06-05,89.0
2013-06-06,91.0
2013-06-07,90.0
2013-06-08,93.0
2013-06-09,96.0
2013-06-10,78.0
2013-06-11,77.0
2013-06-12,73.0
2013-06-13,67.0
2013-06-14,75.0
2013-06-15,85.0
2013-06-16,81.0
2013-06-17,82.0
2013-06-18,71.0
2013-06-19,60.0
2013-06-20,68.0
2013-06-21,72.0
2013-06-22,80.0
2013-06-23,66.0
2013-06-24,62.0
2013-06-25,65.0
2013-06-26,78.0
2013-06-27,90.0
2013-06-28,97.0
2013-06-29,95.0
2013-06-30,101.0
2013-07-01,100.0
2013-07-02,104.0
2013-07-03,99.0
2013-07-04,93.0
2013-07-05,91.0
2013-07-06,90.0
2013-07-07,91.0
2013-07-08,91.0
2013-07-09,94.0
2013-07-10,93.0
2013-07-11,89.0
2013-07-12,86.0
2013-07-13,89.0
2013-07-14,92.0
2013-07-15,94.0
2013-07-16,89.0
2013-07-17,89.0
2013-07-18,98.0
2013-07-19,100.0
2013-07-20,101.0
2013-07-21,101.0
2013-07-22,97.0
2013-07-23,93.0
2013-07-24,94.0
2013-07-25,100.0
2013-07-26,94.0
2013-07-27,93.0
2013-07-28,89.0
2013-07-29,89.0
2013-07-30,89.0
2013-07-31,88.0
2013-08-01,81.0
2013-08-02,81.0
2013-08-03,87.0
2013-08-04,90.0
2013-08-05,90.0
2013-08-06,92.0
2013-08-07,84.0
2013-08-08,64.0
2013-08-09,75.0
2013-08-10,79.0
2013-08-11,83.0
2013-08-12,84.0
2013-08-13,90.0
2013-08-14,91.0
2013-08-15,92.0
2013-08-16,90.0
2013-08-17,91.0
2013-08-18,97.0
2013-08-19,97.0
2013-08-20,88.0
2013-08-21,91.0
2013-08-22,81.0
2013-08-23,82.0
2013-08-24,81.0
2013-08-25,76.0
2013-08-26,81.0
2013-08-27,86.0
2013-08-28,86.0
2013-08-29,85.0
2013-08-30,88.0
2013-08-31,91.0
2013-09-01,83.0
2013-09-02,77.0
2013-09-03,85.0
2013-09-04,87.0
2013-09-05,81.0
2013-09-06,78.0
2013-09-07,86.0
2013-09-08,87.0
2013-09-09,87.0
2013-09-10,88.0
2013-09-11,91.0
2013-09-12,87.0
2013-09-13,90.0
2013-09-14,90.0
2013-09-15,87.0
2013-09-16,80.0
2013-09-17,63.0
2013-09-18,69.0
2013-09-19,80.0
2013-09-20,80.0
2013-09-21,60.0
2013-09-22,61.0
2013-09-23,71.0
2013-09-24,62.0
2013-09-25,52.0
2013-09-26,53.0
2013-09-27,61.0
2013-09-28,67.0
2013-09-29,63.0
2013-09-30,66.0
2013-10-01,58.0
2013-10-02,62.0
2013-10-03,54.0
2013-10-04,61.0
2013-10-05,74.0
2013-10-06,77.0
2013-10-07,67.0
2013-10-08,57.0
2013-10-09,50.0
2013-10-10,61.0
2013-10-11,62.0
2013-10-12,57.0
2013-10-13,55.0
2013-10-14,60.0
2013-10-15,61.0
2013-10-16,65.0
2013-10-17,68.0
2013-10-18,71.0
2013-10-19,75.0
2013-10-20,74.0
2013-10-21,75.0
2013-10-22,77.0
2013-10-23,75.0
2013-10-24,75.0
2013-10-25,73.0
2013-10-26,74.0
2013-10-27,66.0
2013-10-28,42.0
2013-10-29,43.0
2013-10-30,49.0
2013-10-31,61.0
2013-11-01,66.0
2013-11-02,56.0
2013-11-03,41.0
2013-11-04,48.0
2013-11-05,54.0
2013-11-06,64.0
2013-11-07,64.0
2013-11-08,57.0
2013-11-09,65.0
2013-11-10,68.0
2013-11-11,72.0
2013-11-12,68.0
2013-11-13,65.0
2013-11-14,61.0
2013-11-15,44.0
2013-11-16,50.0
2013-11-17,54.0
2013-11-18,47.0
2013-11-19,48.0
2013-11-20,44.0
2013-11-21,39.0
2013-11-22,50.0
2013-11-23,55.0
2013-11-24,50.0
2013-11-25,59.0
2013-11-26,59.0
2013-11-27,59.0
2013-11-28,54.0
2013-11-29,56.0
2013-11-30,56.0
2013-12-01,55.0
2013-12-02,52.0
2013-12-03,33.0
2013-12-04,25.0
2013-12-05,27.0
2013-12-06,31.0
2013-12-07,21.0
2013-12-08,10.0
2013-12-09,19.0
2013-12-10,21.0
2013-12-11,39.0
2013-12-12,43.0
2013-12-13,43.0
2013-12-14,47.0
2013-12-15,49.0
2013-12-16,51.0
2013-12-17,50.0
2013-12-18,43.0
2013-12-19,34.0
2013-12-20,33.0
2013-12-21,48.0
2013-12-22,50.0
2013-12-23,50.0
2013-12-24,48.0
2013-12-25,53.0
2013-12-26,55.0
2013-12-27,42.0
2013-12-28,49.0
2013-12-29,46.0
2013-12-30,52.0
2013-12-31,54.5
2014-01-01,57.0
2014-01-02,54.0
2014-01-03,57.0
2014-01-04,41.0
2014-01-05,51.0
2014-01-06,54.0
2014-01-07,52.0
2014-01-08,48.0
2014-01-09,42.0
2014-01-10,45.0
2014-01-11,47.0
2014-01-12,41.0
2014-01-13,51.0
2014-01-14,53.0
2014-01-15,53.0
2014-01-16,58.0
2014-01-17,62.0
2014-01-18,63.0
2014-01-19,55.0
2014-01-20,61.0
2014-01-21,60.0
2014-01-22,55.0
2014-01-23,52.0
2014-01-24,58.0
2014-01-25,60.0
2014-01-26,62.0
2014-01-27,50.0
2014-01-28,53.0
2014-01-29,46.0
2014-01-30,42.0
2014-01-31,38.0
2014-02-01,43.0
2014-02-02,44.0
2014-02-03,38.0
2014-02-04,38.0
2014-02-05,42.0
2014-02-06,38.0
2014-02-07,41.0
2014-02-08,46.0
2014-02-09,46.0
2014-02-10,48.0
2014-02-11,49.0
2014-02-12,51.0
2014-02-13,51.0
2014-02-14,53.0
2014-02-15,62.0
2014-02-16,46.0
2014-02-17,50.0
2014-02-18,52.0
2014-02-19,37.0
2014-02-20,47.0
2014-02-21,51.0
2014-02-22,55.0
2014-02-23,60.0
2014-02-24,64.0
2014-02-25,67.0
2014-02-26,55.0
2014-02-27,49.0
2014-02-28,51.0
2014-03-01,50.0
2014-03-02,50.0
2014-03-03,50.0
2014-03-04,52.0
2014-03-05,54.0
2014-03-06,49.0
2014-03-07,53.0
2014-03-08,66.0
2014-03-09,54.0
2014-03-10,47.0
2014-03-11,49.0
2014-03-12,58.0
2014-03-13,62.0
2014-03-14,59.0
2014-03-15,68.0
2014-03-16,70.0
2014-03-17,52.0
2014-03-18,52.0
2014-03-19,61.0
2014-03-20,60.0
2014-03-21,59.0
2014-03-22,60.0
2014-03-23,64.0
2014-03-24,70.0
2014-03-25,51.0
2014-03-26,49.0
2014-03-27,47.0
2014-03-28,54.0
2014-03-29,44.0
2014-03-30,46.0
2014-03-31,44.0
2014-04-01,46.0
2014-04-02,51.0
2014-04-03,51.0
2014-04-04,47.0
2014-04-05,54.0
2014-04-06,63.0
2014-04-07,74.0
2014-04-08,74.0
2014-04-09,72.0
2014-04-10,73.0
2014-04-11,75.0
2014-04-12,74.0
2014-04-13,65.0
2014-04-14,73.0
2014-04-15,66.0
2014-04-16,67.0
2014-04-17,74.0
2014-04-18,67.0
2014-04-19,69.0
2014-04-20,70.0
2014-04-21,66.0
2014-04-22,52.0
2014-04-23,58.0
2014-04-24,59.0
2014-04-25,46.0
2014-04-26,51.0
2014-04-27,53.0
2014-04-28,60.0
2014-04-29,72.0
2014-04-30,78.0
2014-05-01,83.0
2014-05-02,80.0
2014-05-03,71.0
2014-05-04,64.0
2014-05-05,52.0
2014-05-06,60.0
2014-05-07,62.0
2014-05-08,57.0
2014-05-09,60.0
2014-05-10,54.0
2014-05-11,65.0
2014-05-12,72.0
2014-05-13,79.0
2014-05-14,84.0
2014-05-15,85.0
2014-05-16,80.0
2014-05-17,77.0
2014-05-18,64.0
2014-05-19,61.0
2014-05-20,70.0
2014-05-21,75.0
2014-05-22,80.0
2014-05-23,83.0
2014-05-24,80.0
2014-05-25,84.0
2014-05-26,80.0
2014-05-27,77.0
2014-05-28,62.0
2014-05-29,74.0
2014-05-30,79.0
2014-05-31,79.0
2014-06-01,84.0
2014-06-02,84.0
2014-06-03,81.0
2014-06-04,86.0
2014-06-05,88.0
2014-06-06,87.0
2014-06-07,87.0
2014-06-08,87.0
2014-06-09,92.0
2014-06-10,86.0
2014-06-11,89.0
2014-06-12,80.0
2014-06-13,67.0
2014-06-14,72.0
2014-06-15,76.0
2014-06-16,67.0
2014-06-17,64.0
2014-06-18,79.0
2014-06-19,86.0
2014-06-20,83.0
2014-06-21,86.0
2014-06-22,86.0
2014-06-23,89.0
2014-06-24,84.0
2014-06-25,79.0
2014-06-26,65.0
2014-06-27,76.0
2014-06-28,83.0
2014-06-29,87.0
2014-06-30,94.0
2014-07-01,101.0
2014-07-02,94.0
2014-07-03,94.0
2014-07-04,93.0
2014-07-05,94.0
2014-07-06,99.0
2014-07-07,102.0
2014-07-08,93.0
2014-07-09,92.0
2014-07-10,95.0
2014-07-11,85.0
2014-07-12,94.0
2014-07-13,102.0
2014-07-14,101.0
2014-07-15,101.0
2014-07-16,101.0
2014-07-17,96.0
2014-07-18,97.0
2014-07-19,97.0
2014-07-20,92.0
2014-07-21,80.0
2014-07-22,84.0
2014-07-23,82.0
2014-07-24,83.0
2014-07-25,90.0
2014-07-26,95.0
2014-07-27,97.0
2014-07-28,98.0
2014-07-29,93.0
2014-07-30,93.0
2014-07-31,95.0
2014-08-01,94.0
2014-08-02,96.0
2014-08-03,94.0
2014-08-04,89.0
2014-08-05,75.0
2014-08-06,84.0
2014-08-07,90.0
2014-08-08,92.0
2014-08-09,93.0
2014-08-10,91.0
2014-08-11,91.0
2014-08-12,84.0
2014-08-13,83.0
2014-08-14,81.0
2014-08-15,86.0
2014-08-16,91.0
2014-08-17,90.0
2014-08-18,91.0
2014-08-19,93.0
2014-08-20,87.0
2014-08-21,86.0
2014-08-22,81.0
2014-08-23,81.0
2014-08-24,85.0
2014-08-25,81.0
2014-08-26,86.0
2014-08-27,92.0
2014-08-28,91.0
2014-08-29,90.0
2014-08-30,80.0
2014-08-31,81.0
2014-09-01,86.0
2014-09-02,90.0
2014-09-03,80.0
2014-09-04,80.0
2014-09-05,86.0
2014-09-06,90.0
2014-09-07,88.0
2014-09-08,85.0
2014-09-09,84.0
2014-09-10,86.0
2014-09-11,86.0
2014-09-12,91.0
2014-09-13,87.0
2014-09-14,87.0
2014-09-15,88.0
2014-09-16,88.0
2014-09-17,88.0
2014-09-18,79.0
2014-09-19,85.0
2014-09-20,91.0
2014-09-21,83.0
2014-09-22,83.0
2014-09-23,80.0
2014-09-24,83.0
2014-09-25,62.0
2014-09-26,64.0
2014-09-27,56.0
2014-09-28,66.0
2014-09-29,73.0
2014-09-30,65.0
2014-10-01,67.0
2014-10-02,77.0
2014-10-03,84.0
2014-10-04,85.0
2014-10-05,85.0
2014-10-06,88.0
2014-10-07,86.0
2014-10-08,78.0
2014-10-09,76.0
2014-10-10,76.0
2014-10-11,74.0
2014-10-12,70.0
2014-10-13,83.0
2014-10-14,76.0
2014-10-15,55.0
2014-10-16,66.0
2014-10-17,61.0
2014-10-18,72.0
2014-10-19,75.0
2014-10-20,68.0
2014-10-21,54.0
2014-10-22,58.0
2014-10-23,55.0
2014-10-24,72.0
2014-10-25,61.0
2014-10-26,52.0
2014-10-27,57.0
2014-10-28,67.0
2014-10-29,72.0
2014-10-30,69.0
2014-10-31,60.0
2014-11-01,46.0
2014-11-02,48.0
2014-11-03,55.0
2014-11-04,55.0
2014-11-05,68.0
2014-11-06,70.0
2014-11-07,65.0
2014-11-08,72.0
2014-11-09,67.0
2014-11-10,53.0
2014-11-11,54.0
2014-11-12,50.0
2014-11-13,53.0
2014-11-14,52.0
2014-11-15,44.0
2014-11-16,45.0
2014-11-17,56.0
2014-11-18,57.0
2014-11-19,53.0
2014-11-20,47.0
2014-11-21,45.0
2014-11-22,48.0
2014-11-23,41.0
2014-11-24,51.0
2014-11-25,57.0
2014-11-26,48.0
2014-11-27,56.0
2014-11-28,51.0
2014-11-29,45.0
2014-11-30,39.0
2014-12-01,48.0
2014-12-02,44.0
2014-12-03,47.0
2014-12-04,53.0
2014-12-05,54.0
2014-12-06,52.0
2014-12-07,55.0
2014-12-08,52.0
2014-12-09,52.0
2014-12-10,55.0
2014-12-11,51.0
2014-12-12,41.0
2014-12-13,40.0
2014-12-14,37.0
2014-12-15,40.0
2014-12-16,45.0
2014-12-17,46.0
2014-12-18,44.0
2014-12-19,43.0
2014-12-20,44.0
2014-12-21,50.0
2014-12-22,54.0
2014-12-23,53.0
2014-12-24,47.0
2014-12-25,38.0
2014-12-26,38.0
2014-12-27,40.0
2014-12-28,44.0
2014-12-29,35.0
2014-12-30,27.0
2014-12-31,31.5
2015-01-01,36.0
2015-01-02,41.0
2015-01-03,49.0
2015-01-04,49.0
2015-01-05,55.0
2015-01-06,63.0
2015-01-07,60.0
2015-01-08,57.0
2015-01-09,50.0
2015-01-10,52.0
2015-01-11,50.0
2015-01-12,43.0
2015-01-13,44.0
2015-01-14,50.0
2015-01-15,46.0
2015-01-16,47.0
2015-01-17,54.0
2015-01-18,53.0
2015-01-19,49.0
2015-01-20,49.0
2015-01-21,50.0
2015-01-22,46.0
2015-01-23,56.0
2015-01-24,60.0
2015-01-25,68.0
2015-01-26,67.0
2015-01-27,50.0
2015-01-28,57.0
2015-01-29,57.0
2015-01-30,53.0
2015-01-31,53.0
2015-02-01,60.0
2015-02-02,52.0
2015-02-03,53.0
2015-02-04,53.0
2015-02-05,64.0
2015-02-06,58.0
2015-02-07,57.0
2015-02-08,55.0
2015-02-09,50.0
2015-02-10,51.0
2015-02-11,60.0
2015-02-12,64.0
2015-02-13,62.0
2015-02-14,64.0
2015-02-15,59.0
2015-02-16,61.0
2015-02-17,67.0
2015-02-18,67.0
2015-02-19,64.0
2015-02-20,55.0
2015-02-21,50.0
2015-02-22,43.0
2015-02-23,48.0
2015-02-24,60.0
2015-02-25,59.0
2015-02-26,52.0
2015-02-27,47.0
2015-02-28,40.0
2015-03-01,48.0
2015-03-02,49.0
2015-03-03,48.0
2015-03-04,56.0
2015-03-05,63.0
2015-03-06,68.0
2015-03-07,69.0
2015-03-08,70.0
2015-03-09,70.0
2015-03-10,68.0
2015-03-11,53.0
2015-03-12,63.0
2015-03-13,71.0
2015-03-14,66.0
2015-03-15,72.0
2015-03-16,61.0
2015-03-17,60.0
2015-03-18,63.0
2015-03-19,70.0
2015-03-20,64.0
2015-03-21,64.0
2015-03-22,61.0
2015-03-23,46.0
2015-03-24,50.0
2015-03-25,64.0
2015-03-26,75.0
2015-03-27,75.0
2015-03-28,64.0
2015-03-29,72.0
2015-03-30,77.0
2015-03-31,52.0
2015-04-01,51.0
2015-04-02,52.0
2015-04-03,62.0
2015-04-04,56.0
2015-04-05,45.0
2015-04-06,50.0
2015-04-07,46.0
2015-04-08,48.0
2015-04-09,63.0
2015-04-10,65.0
2015-04-11,61.0
2015-04-12,67.0
2015-04-13,71.0
2015-04-14,47.0
2015-04-15,56.0
2015-04-16,69.0
2015-04-17,75.0
2015-04-18,73.0
2015-04-19,75.0
2015-04-20,77.0
2015-04-21,75.0
2015-04-22,69.0
2015-04-23,68.0
2015-04-24,52.0
2015-04-25,53.0
2015-04-26,64.0
2015-04-27,74.0
2015-04-28,78.0
2015-04-29,71.0
2015-04-30,73.0
2015-05-01,81.0
2015-05-02,78.0
2015-05-03,77.0
2015-05-04,77.0
2015-05-05,70.0
2015-05-06,61.0
2015-05-07,60.0
2015-05-08,70.0
2015-05-09,72.0
2015-05-10,75.0
2015-05-11,66.0
2015-05-12,48.0
2015-05-13,60.0
2015-05-14,60.0
2015-05-15,48.0
2015-05-16,62.0
2015-05-17,64.0
2015-05-18,57.0
2015-05-19,58.0
2015-05-20,65.0
2015-05-21,68.0
2015-05-22,59.0
2015-05-23,61.0
2015-05-24,72.0
2015-05-25,72.0
2015-05-26,74.0
2015-05-27,76.0
2015-05-28,79.0
2015-05-29,84.0
2015-05-30,82.0
2015-05-31,80.0
2015-06-01,73.0
2015-06-02,71.0
2015-06-03,72.0
2015-06-04,66.0
2015-06-05,80.0
2015-06-06,85.0
2015-06-07,88.0
2015-06-08,92.0
2015-06-09,91.0
2015-06-10,82.0
2015-06-11,87.0
2015-06-12,89.0
2015-06-13,87.0
2015-06-14,90.0
2015-06-15,88.0
2015-06-16,87.0
2015-06-17,89.0
2015-06-18,89.0
2015-06-19,85.0
2015-06-20,88.0
2015-06-21,83.0
2015-06-22,85.0
2015-06-23,88.0
2015-06-24,93.0
2015-06-25,99.0
2015-06-26,101.0
2015-06-27,99.0
2015-06-28,89.0
2015-06-29,96.0
2015-06-30,99.0
2015-07-01,101.0
2015-07-02,100.0
2015-07-03,94.0
2015-07-04,95.0
2015-07-05,86.0
2015-07-06,90.0
2015-07-07,88.0
2015-07-08,80.0
2015-07-09,79.0
2015-07-10,75.0
2015-07-11,77.0
2015-07-12,76.0
2015-07-13,81.0
2015-07-14,85.0
2015-07-15,88.0
2015-07-16,89.0
2015-07-17,88.0
2015-07-18,87.0
2015-07-19,90.0
2015-07-20,93.0
2015-07-21,89.0
2015-07-22,84.0
2015-07-23,84.0
2015-07-24,84.0
2015-07-25,84.0
2015-07-26,82.0
2015-07-27,77.0
2015-07-28,85.0
2015-07-29,93.0
2015-07-30,98.0
2015-07-31,99.0
2015-08-01,99.0
2015-08-02,87.0
2015-08-03,90.0
2015-08-04,89.0
2015-08-05,83.0
2015-08-06,88.0
2015-08-07,82.0
2015-08-08,84.0
2015-08-09,88.0
2015-08-10,86.0
2015-08-11,88.0
2015-08-12,90.0
2015-08-13,93.0
2015-08-14,82.0
2015-08-15,88.0
2015-08-16,93.0
2015-08-17,93.0
2015-08-18,95.0
2015-08-19,94.0
2015-08-20,90.0
2015-08-21,90.0
2015-08-22,92.0
2015-08-23,91.0
2015-08-24,90.0
2015-08-25,91.0
2015-08-26,90.0
2015-08-27,90.0
2015-08-28,89.0
2015-08-29,78.0
2015-08-30,77.0
2015-08-31,85.0
2015-09-01,86.0
2015-09-02,81.0
2015-09-03,73.0
2015-09-04,59.0
2015-09-05,64.0
2015-09-06,77.0
2015-09-07,83.0
2015-09-08,89.0
2015-09-09,92.0
2015-09-10,94.0
2015-09-11,97.0
2015-09-12,95.0
2015-09-13,88.0
2015-09-14,74.0
2015-09-15,62.0
2015-09-16,54.0
2015-09-17,64.0
2015-09-18,78.0
2015-09-19,84.0
2015-09-20,88.0
2015-09-21,87.0
2015-09-22,86.0
2015-09-23,82.0
2015-09-24,86.0
2015-09-25,88.0
2015-09-26,84.0
2015-09-27,82.0
2015-09-28,84.0
2015-09-29,85.0
2015-09-30,72.0
2015-10-01,57.0
2015-10-02,73.0
2015-10-03,62.0
2015-10-04,75.0
2015-10-05,76.0
2015-10-06,79.0
2015-10-07,75.0
2015-10-08,85.0
2015-10-09,86.0
2015-10-10,80.0
2015-10-11,81.0
2015-10-12,84.0
2015-10-13,86.0
2015-10-14,88.0
2015-10-15,86.0
2015-10-16,82.0
2015-10-17,63.0
2015-10-18,65.0
2015-10-19,61.0
2015-10-20,64.0
2015-10-21,68.0
2015-10-22,69.0
2015-10-23,69.0
2015-10-24,69.0
2015-10-25,67.0
2015-10-26,68.0
2015-10-27,64.0
2015-10-28,53.0
2015-10-29,58.0
2015-10-30,63.0
2015-10-31,67.0
2015-11-01,55.0
2015-11-02,44.0
2015-11-03,47.0
2015-11-04,45.0
2015-11-05,50.0
2015-11-06,55.0
2015-11-07,61.0
2015-11-08,48.0
2015-11-09,41.0
2015-11-10,43.0
2015-11-11,46.0
2015-11-12,51.0
2015-11-13,60.0
2015-11-14,63.0
2015-11-15,48.0
2015-11-16,38.0
2015-11-17,49.0
2015-11-18,54.0
2015-11-19,56.0
2015-11-20,54.0
2015-11-21,57.0
2015-11-22,59.0
2015-11-23,60.0
2015-11-24,43.0
2015-11-25,27.0
2015-11-26,22.0
2015-11-27,25.0
2015-11-28,23.0
2015-11-29,29.0
2015-11-30,31.0
2015-12-01,41.0
2015-12-02,50.0
2015-12-03,53.0
2015-12-04,39.0
2015-12-05,44.0
2015-12-06,44.0
2015-12-07,51.0
2015-12-08,54.0
2015-12-09,46.0
2015-12-10,48.0
2015-12-11,37.0
2015-12-12,36.0
2015-12-13,42.0
2015-12-14,29.0
2015-12-15,25.0
2015-12-16,26.0
2015-12-17,38.0
2015-12-18,39.0
2015-12-19,36.0
2015-12-20,34.0
2015-12-21,40.0
2015-12-22,40.0
2015-12-23,36.0
2015-12-24,32.0
2015-12-25,31.0
2015-12-26,29.0
2015-12-27,32.0
2015-12-28,30.0
2015-12-29,29.0
2015-12-30,34.0
2015-12-31,21.0
2016-01-01,16.0
2016-01-02,29.0
2016-01-03,40.0
2016-01-04,42.0
2016-01-05,39.0
2016-01-06,38.0
2016-01-07,37.0
2016-01-08,40.0
2016-01-09,34.0
2016-01-10,32.0
2016-01-11,43.0
2016-01-12,42.0
2016-01-13,42.0
2016-01-14,35.0
2016-01-15,37.0
2016-01-16,41.0
2016-01-17,45.0
2016-01-18,47.0
2016-01-19,47.0
2016-01-20,47.0
2016-01-21,54.0
2016-01-22,48.0
2016-01-23,44.0
2016-01-24,39.0
2016-01-25,46.0
2016-01-26,50.0
2016-01-27,55.0
2016-01-28,45.0
2016-01-29,45.0
2016-01-30,32.0
2016-01-31,31.0
2016-02-01,33.0
2016-02-02,30.0
2016-02-03,35.0
2016-02-04,37.0
2016-02-05,42.0
2016-02-06,48.0
2016-02-07,57.0
2016-02-08,60.0
2016-02-09,63.0
2016-02-10,63.0
2016-02-11,66.0
2016-02-12,62.0
2016-02-13,56.0
2016-02-14,56.0
2016-02-15,59.0
2016-02-16,63.0
2016-02-17,58.0
2016-02-18,45.0
2016-02-19,46.0
2016-02-20,52.0
2016-02-21,52.0
2016-02-22,49.0
2016-02-23,55.0
2016-02-24,62.0
2016-02-25,65.0
2016-02-26,66.0
2016-02-27,52.0
2016-02-28,56.0
2016-02-29,55.0
2016-03-01,63.0
2016-03-02,64.0
2016-03-03,58.0
2016-03-04,56.0
2016-03-05,57.0
2016-03-06,46.0
2016-03-07,43.0
2016-03-08,42.0
2016-03-09,54.0
2016-03-10,47.0
2016-03-11,49.0
2016-03-12,47.0
2016-03-13,52.0
2016-03-14,43.0
2016-03-15,49.0
2016-03-16,57.0
2016-03-17,63.0
2016-03-18,68.0
2016-03-19,68.0
2016-03-20,58.0
2016-03-21,53.0
2016-03-22,45.0
2016-03-23,53.0
2016-03-24,58.0
2016-03-25,56.0
2016-03-26,56.0
2016-03-27,51.0
2016-03-28,47.0
2016-03-29,49.0
2016-03-30,58.0
2016-03-31,66.0
2016-04-01,69.0
2016-04-02,69.0
2016-04-03,69.0
2016-04-04,57.0
2016-04-05,65.0
2016-04-06,78.0
2016-04-07,80.0
2016-04-08,76.0
2016-04-09,69.0
2016-04-10,66.0
2016-04-11,66.0
2016-04-12,56.0
2016-04-13,54.0
2016-04-14,49.0
2016-04-15,56.0
2016-04-16,68.0
2016-04-17,73.0
2016-04-18,76.0
2016-04-19,78.0
2016-04-20,72.0
2016-04-21,70.0
2016-04-22,53.0
2016-04-23,56.0
2016-04-24,54.5
2016-04-25,53.0
2016-04-26,58.0
2016-04-27,61.0
2016-04-28,60.0
2016-04-29,59.0
2016-04-30,61.0
2016-05-01,69.0
2016-05-02,69.0
2016-05-03,73.0
2016-05-04,66.0
2016-05-05,61.0
2016-05-06,58.0
2016-05-07,60.666666666666664
2016-05-08,63.333333333333336
2016-05-09,66.0
2016-05-10,65.0
2016-05-11,74.0
2016-05-12,80.0
2016-05-13,81.0
2016-05-14,67.0
2016-05-15,64.0
2016-05-16,63.0
2016-05-17,73.0
2016-05-18,80.0
2016-05-19,62.0
2016-05-20,50.0
2016-05-21,55.0
2016-05-22,57.0
2016-05-23,58.0
2016-05-24,66.0
2016-05-25,66.0
2016-05-26,71.0
2016-05-27,67.0
2016-05-28,73.0
2016-05-29,77.0
2016-05-30,80.0
2016-05-31,84.0
2016-06-01,86.0
2016-06-02,84.0
2016-06-03,89.0
2016-06-04,94.0
2016-06-05,88.0
2016-06-06,89.0
2016-06-07,91.0
2016-06-08,85.0
2016-06-09,79.0
2016-06-10,73.0
2016-06-11,72.0
2016-06-12,78.0
2016-06-13,79.0
2016-06-14,65.0
2016-06-15,58.0
2016-06-16,61.0
2016-06-17,65.0
2016-06-18,66.0
2016-06-19,83.0
2016-06-20,85.0
2016-06-21,87.0
2016-06-22,88.0
2016-06-23,81.0
2016-06-24,77.0
2016-06-25,87.0
2016-06-26,91.0
2016-06-27,93.0
2016-06-28,95.0
2016-06-29,93.0
2016-06-30,92.0
2016-07-01,94.0
2016-07-02,94.0
2016-07-03,90.0
2016-07-04,86.0
2016-07-05,84.0
2016-07-06,83.0
2016-07-07,86.0
2016-07-08,80.0
2016-07-09,77.0
2016-07-10,66.0
2016-07-11,80.0
2016-07-12,82.0
2016-07-13,89.0
2016-07-14,93.0
2016-07-15,90.0
2016-07-16,87.0
2016-07-17,85.0
2016-07-18,81.0
2016-07-19,83.0
2016-07-20,86.0
2016-07-21,89.0
2016-07-22,87.0
2016-07-23,90.0
2016-07-24,97.0
2016-07-25,96.0
2016-07-26,96.0
2016-07-27,99.0
2016-07-28,100.0
2016-07-29,101.0
2016-07-30,98.0
2016-07-31,94.0
2016-08-01,94.0
2016-08-02,91.0
2016-08-03,90.0
2016-08-04,93.0
2016-08-05,88.0
2016-08-06,86.0
2016-08-07,84.0
2016-08-08,84.0
2016-08-09,79.0
2016-08-10,84.0
2016-08-11,91.0
2016-08-12,95.0
2016-08-13,97.0
2016-08-14,94.0
2016-08-15,93.0
2016-08-16,96.0
2016-08-17,96.0
2016-08-18,97.0
2016-08-19,98.0
2016-08-20,97.0
2016-08-21,94.0
2016-08-22,90.0
2016-08-23,87.0
2016-08-24,87.0
2016-08-25,84.0
2016-08-26,88.0
2016-08-27,88.0
2016-08-28,89.0
2016-08-29,86.0
2016-08-30,87.0
2016-08-31,85.0
2016-09-01,83.0
2016-09-02,74.0
2016-09-03,75.0
2016-09-04,68.0
2016-09-05,74.0
2016-09-06,76.0
2016-09-07,82.0
2016-09-08,85.0
2016-09-09,85.0
2016-09-10,91.0
2016-09-11,85.0
2016-09-12,70.0
2016-09-13,71.0
2016-09-14,73.0
2016-09-15,77.0
2016-09-16,81.0
2016-09-17,85.0
2016-09-18,86.0
2016-09-19,84.0
2016-09-20,82.0
2016-09-21,71.0
2016-09-22,57.0
2016-09-23,61.0
2016-09-24,77.0
2016-09-25,85.0
2016-09-26,89.0
2016-09-27,85.0
2016-09-28,87.0
2016-09-29,79.0
2016-09-30,77.0
2016-10-01,63.0
2016-10-02,52.0
2016-10-03,46.0
2016-10-04,55.0
2016-10-05,55.0
2016-10-06,63.0
2016-10-07,73.0
2016-10-08,79.0
2016-10-09,78.0
2016-10-10,72.0
2016-10-11,70.0
2016-10-12,73.0
2016-10-13,70.0
2016-10-14,57.0
2016-10-15,61.0
2016-10-16,58.0
2016-10-17,50.0
2016-10-18,53.0
2016-10-19,61.0
2016-10-20,50.0
2016-10-21,70.0
2016-10-22,67.0
2016-10-23,69.0
2016-10-24,61.0
2016-10-25,57.0
2016-10-26,66.0
2016-10-27,59.0
2016-10-28,53.0
2016-10-29,62.0
2016-10-30,57.0
2016-10-31,51.0
2016-11-01,49.0
2016-11-02,63.0
2016-11-03,64.0
2016-11-04,70.0
2016-11-05,66.0
2016-11-06,61.0
2016-11-07,63.0
2016-11-08,75.0
2016-11-09,71.0
2016-11-10,74.0
2016-11-11,70.0
2016-11-12,57.0
2016-11-13,63.0
2016-11-14,62.0
2016-11-15,55.0
2016-11-16,41.0
2016-11-17,44.0
2016-11-18,54.0
2016-11-19,48.0
2016-11-20,49.0
2016-11-21,44.0
2016-11-22,43.0
2016-11-23,40.0
2016-11-24,50.0
2016-11-25,50.0
2016-11-26,51.0
2016-11-27,34.0
2016-11-28,40.0
2016-11-29,42.0
2016-11-30,38.0
2016-12-01,36.0
2016-12-02,38.0
2016-12-03,47.0
2016-12-04,50.0
2016-12-05,36.0
2016-12-06,34.0
2016-12-07,30.0
2016-12-08,38.0
2016-12-09,49.0
2016-12-10,43.0
2016-12-11,40.0
2016-12-12,39.0
2016-12-13,37.0
2016-12-14,49.0
2016-12-15,49.0
2016-12-16,32.0
2016-12-17,23.0
2016-12-18,30.0
2016-12-19,34.0
2016-12-20,37.0
2016-12-21,41.0
2016-12-22,45.0
2016-12-23,44.0
2016-12-24,29.0
2016-12-25,25.0
2016-12-26,30.0
2016-12-27,39.0
2016-12-28,38.0
2016-12-29,47.0
2016-12-30,49.0
2016-12-31,35.0
2017-01-01,30.0
2017-01-02,28.0
2017-01-03,33.0
2017-01-04,34.0
2017-01-05,7.0
2017-01-06,10.0
2017-01-07,40.0
2017-01-08,43.0
2017-01-09,40.0
2017-01-10,38.0
2017-01-11,37.0
2017-01-12,28.0
2017-01-13,30.0
2017-01-14,38.0
2017-01-15,36.0
2017-01-16,38.0
2017-01-17,41.0
2017-01-18,42.0
2017-01-19,40.0
2017-01-20,41.0
2017-01-21,41.0
2017-01-22,37.0
2017-01-23,34.0
2017-01-24,34.0
2017-01-25,36.0
2017-01-26,38.0
2017-01-27,42.0
2017-01-28,47.0
2017-01-29,46.0
2017-01-30,51.0
2017-01-31,48.0
2017-02-01,47.0
2017-02-02,47.0
2017-02-03,48.0
2017-02-04,49.0
2017-02-05,52.0
2017-02-06,43.0
2017-02-07,51.0
2017-02-08,53.0
2017-02-09,53.0
2017-02-10,48.0
2017-02-11,44.0
2017-02-12,51.0
2017-02-13,56.0
2017-02-14,58.0
2017-02-15,57.0
2017-02-16,51.0
2017-02-17,42.0
2017-02-18,43.0
2017-02-19,46.0
2017-02-20,44.0
2017-02-21,40.0
2017-02-22,35.0
2017-02-23,32.0
2017-02-24,33.0
2017-02-25,36.0
2017-02-26,36.0
2017-02-27,35.0
2017-02-28,38.0
2017-03-01,48.0
2017-03-02,56.0
2017-03-03,53.0
2017-03-04,48.0
2017-03-05,33.0
2017-03-06,36.0
2017-03-07,43.0
2017-03-08,53.0
2017-03-09,61.0
2017-03-10,59.0
2017-03-11,63.0
2017-03-12,66.0
2017-03-13,70.0
2017-03-14,70.0
2017-03-15,64.0
2017-03-16,58.0
2017-03-17,69.0
2017-03-18,57.0
2017-03-19,56.0
2017-03-20,64.0
2017-03-21,51.0
2017-03-22,46.0
2017-03-23,52.0
2017-03-24,44.0
2017-03-25,52.0
2017-03-26,48.0
2017-03-27,48.0
2017-03-28,53.0
2017-03-29,62.0
2017-03-30,47.0
2017-03-31,53.0
2017-04-01,67.0
2017-04-02,59.0
2017-04-03,55.0
2017-04-04,62.0
2017-04-05,69.0
2017-04-06,53.0
2017-04-07,52.0
2017-04-08,43.0
2017-04-09,52.0
2017-04-10,53.0
2017-04-11,54.0
2017-04-12,58.0
2017-04-13,48.0
2017-04-14,45.0
2017-04-15,60.0
2017-04-16,60.0
2017-04-17,53.0
2017-04-18,58.0
2017-04-19,62.0
2017-04-20,52.0
2017-04-21,66.0
2017-04-22,65.0
2017-04-23,59.0
2017-04-24,51.0
2017-04-25,50.0
2017-04-26,55.0
2017-04-27,51.0
2017-04-28,53.0
2017-04-29,66.0
2017-04-30,65.0
2017-05-01,70.0
2017-05-02,70.0
2017-05-03,79.0
2017-05-04,84.0
2017-05-05,72.0
2017-05-06,56.0
2017-05-07,64.0
2017-05-08,71.0
2017-05-09,76.0
2017-05-10,78.0
2017-05-11,72.0
2017-05-12,54.0
2017-05-13,54.0
2017-05-14,58.0
2017-05-15,63.0
2017-05-16,49.0
2017-05-17,58.0
2017-05-18,67.0
2017-05-19,76.0
2017-05-20,76.0
2017-05-21,79.0
2017-05-22,83.0
2017-05-23,88.0
2017-05-24,82.0
2017-05-25,75.0
2017-05-26,72.0
2017-05-27,78.0
2017-05-28,85.0
2017-05-29,86.0
2017-05-30,85.0
2017-05-31,65.0
2017-06-01,74.0
2017-06-02,83.0
2017-06-03,81.0
2017-06-04,79.0
2017-06-05,82.0
2017-06-06,87.0
2017-06-07,83.0
2017-06-08,67.0
2017-06-09,66.0
2017-06-10,60.0
2017-06-11,56.0
2017-06-12,59.0
2017-06-13,70.0
2017-06-14,76.0
2017-06-15,79.0
2017-06-16,85.0
2017-06-17,81.0
2017-06-18,93.0
2017-06-19,97.0
2017-06-20,94.0
2017-06-21,90.0
2017-06-22,88.0
2017-06-23,93.0
2017-06-24,96.0
2017-06-25,97.0
2017-06-26,90.0
2017-06-27,86.0
2017-06-28,84.0
2017-06-29,87.0
2017-06-30,92.0
2017-07-01,90.0
2017-07-02,93.0
2017-07-03,93.0
2017-07-04,92.0
2017-07-05,94.0
2017-07-06,95.0
2017-07-07,95.0
2017-07-08,98.0
2017-07-09,97.0
2017-07-10,91.0
2017-07-11,91.0
2017-07-12,92.0
2017-07-13,92.0
2017-07-14,96.0
2017-07-15,93.0
2017-07-16,92.0
2017-07-17,90.0
2017-07-18,88.0
2017-07-19,89.0
2017-07-20,87.0
2017-07-21,90.0
2017-07-22,96.0
2017-07-23,100.0
2017-07-24,93.0
2017-07-25,90.0
2017-07-26,85.0
2017-07-27,89.0
2017-07-28,94.0
2017-07-29,94.0
2017-07-30,97.0
2017-07-31,100.0
2017-08-01,100.0
2017-08-02,100.0
2017-08-03,100.0
2017-08-04,95.0
2017-08-05,83.0
2017-08-06,84.0
2017-08-07,85.0
2017-08-08,88.0
2017-08-09,86.0
2017-08-10,90.0
2017-08-11,88.0
2017-08-12,88.0
2017-08-13,88.0
2017-08-14,83.0
2017-08-15,86.0
2017-08-16,89.0
2017-08-17,91.0
2017-08-18,94.0
2017-08-19,90.0
2017-08-20,91.0
2017-08-21,93.0
2017-08-22,90.0
2017-08-23,86.0
2017-08-24,89.0
2017-08-25,90.0
2017-08-26,96.0
2017-08-27,99.0
2017-08-28,97.0
2017-08-29,97.0
2017-08-30,93.0
2017-08-31,88.0
2017-09-01,95.0
2017-09-02,99.0
2017-09-03,99.0
2017-09-04,99.0
2017-09-05,100.0
2017-09-06,87.0
2017-09-07,85.0
2017-09-08,85.0
2017-09-09,86.0
2017-09-10,89.0
2017-09-11,94.0
2017-09-12,86.0
2017-09-13,87.0
2017-09-14,72.0
2017-09-15,69.0
2017-09-16,71.0
2017-09-17,75.0
2017-09-18,66.0
2017-09-19,57.0
2017-09-20,61.0
2017-09-21,52.0
2017-09-22,55.0
2017-09-23,61.0
2017-09-24,64.0
2017-09-25,71.0
2017-09-26,74.0
2017-09-27,77.0
2017-09-28,79.0
2017-09-29,73.0
2017-09-30,66.0
2017-10-01,59.0
2017-10-02,56.0
2017-10-03,61.0
2017-10-04,63.0
2017-10-05,67.0
2017-10-06,76.0
2017-10-07,74.0
2017-10-08,57.0
2017-10-09,66.0
2017-10-10,66.0
2017-10-11,52.0
2017-10-12,56.0
2017-10-13,58.0
2017-10-14,61.0
2017-10-15,72.0
2017-10-16,77.0
2017-10-17,74.0
2017-10-18,76.0
2017-10-19,64.0
2017-10-20,41.0
2017-10-21,53.0
2017-10-22,65.0
2017-10-23,73.0
2017-10-24,76.0
2017-10-25,75.0
2017-10-26,76.0
2017-10-27,76.0
2017-10-28,79.0
2017-10-29,75.0
2017-10-30,59.0
2017-10-31,60.0
2017-11-01,68.0
2017-11-02,56.0
2017-11-03,51.0
2017-11-04,36.0
2017-11-05,43.0
2017-11-06,42.0
2017-11-07,51.0
2017-11-08,52.0
2017-11-09,52.0
2017-11-10,50.0
2017-11-11,54.0
2017-11-12,50.0
2017-11-13,55.0
2017-11-14,50.0
2017-11-15,45.0
2017-11-16,45.0
2017-11-17,41.0
2017-11-18,49.0
2017-11-19,44.0
2017-11-20,51.0
2017-11-21,65.0
2017-11-22,71.0
2017-11-23,58.0
2017-11-24,55.0
2017-11-25,66.0
2017-11-26,59.0
2017-11-27,46.0
2017-11-28,51.0
2017-11-29,43.0
2017-11-30,41.0
2017-12-01,51.0
2017-12-02,51.0
2017-12-03,35.0
2017-12-04,33.0
2017-12-05,43.0
2017-12-06,48.0
2017-12-07,53.0
2017-12-08,56.0
2017-12-09,56.0
2017-12-10,56.0
2017-12-11,57.0
2017-12-12,50.0
2017-12-13,51.0
2017-12-14,53.0
2017-12-15,47.0
2017-12-16,38.0
2017-12-17,42.0
2017-12-18,48.0
2017-12-19,49.0
2017-12-20,30.0
2017-12-21,26.0
2017-12-22,33.0
2017-12-23,37.0
2017-12-24,39.0
2017-12-25,47.0
2017-12-26,46.0
2017-12-27,49.0
2017-12-28,52.0
2017-12-29,58.0
2017-12-30,53.0
2017-12-31,53.0
2018-01-01,56.0
2018-01-02,55.0
2018-01-03,54.0
2018-01-04,56.0
2018-01-05,55.0
2018-01-06,47.0
2018-01-07,48.0
2018-01-08,44.0
2018-01-09,49.0
2018-01-10,37.0
2018-01-11,50.0
2018-01-12,50.0
2018-01-13,53.0
2018-01-14,58.0
2018-01-15,57.0
2018-01-16,52.0
2018-01-17,56.0
2018-01-18,52.0
2018-01-19,36.0
2018-01-20,33.0
2018-01-21,37.0
2018-01-22,38.0
2018-01-23,40.0
2018-01-24,52.0
2018-01-25,37.0
2018-01-26,37.0
2018-01-27,43.0
2018-01-28,59.0
2018-01-29,54.0
2018-01-30,58.0
2018-01-31,52.0
2018-02-01,57.0
2018-02-02,60.0
2018-02-03,62.0
2018-02-04,60.0
2018-02-05,58.0
2018-02-06,55.0
2018-02-07,61.0
2018-02-08,65.0
2018-02-09,59.0
2018-02-10,46.0
2018-02-11,42.0
2018-02-12,35.0
2018-02-13,47.0
2018-02-14,46.0
2018-02-15,44.0
2018-02-16,51.0
2018-02-17,59.0
2018-02-18,41.0
2018-02-19,29.0
2018-02-20,30.0
2018-02-21,36.0
2018-02-22,31.0
2018-02-23,27.0
2018-02-24,33.0
2018-02-25,41.0
2018-02-26,34.0
2018-02-27,37.0
2018-02-28,39.0
2018-03-01,47.0
2018-03-02,36.0
2018-03-03,39.0
2018-03-04,36.0
2018-03-05,46.0
2018-03-06,56.0
2018-03-07,58.0
2018-03-08,52.0
2018-03-09,48.0
2018-03-10,53.0
2018-03-11,60.0
2018-03-12,63.0
2018-03-13,53.0
2018-03-14,39.0
2018-03-15,40.0
2018-03-16,35.0
2018-03-17,37.0
2018-03-18,47.0
2018-03-19,51.0
2018-03-20,48.0
2018-03-21,52.0
2018-03-22,48.0
2018-03-23,46.0
2018-03-24,43.0
2018-03-25,42.0
2018-03-26,48.0
2018-03-27,60.0
2018-03-28,63.0
2018-03-29,63.0
2018-03-30,69.0
2018-03-31,67.0
2018-04-01,63.0
2018-04-02,51.0
2018-04-03,64.0
2018-04-04,64.0
2018-04-05,56.0
2018-04-06,49.0
2018-04-07,53.0
2018-04-08,56.0
2018-04-09,71.0
2018-04-10,66.0
2018-04-11,57.0
2018-04-12,42.0
2018-04-13,56.0
2018-04-14,63.0
2018-04-15,62.0
2018-04-16,42.0
2018-04-17,46.0
2018-04-18,45.0
2018-04-19,56.0
2018-04-20,64.0
2018-04-21,70.0
2018-04-22,66.0
2018-04-23,68.0
2018-04-24,72.0
2018-04-25,79.0
2018-04-26,81.0
2018-04-27,65.0
2018-04-28,48.0
2018-04-29,48.0
2018-04-30,54.0
2018-05-01,59.0
2018-05-02,65.0
2018-05-03,73.0
2018-05-04,75.0
2018-05-05,74.0
2018-05-06,73.0
2018-05-07,77.0
2018-05-08,80.0
2018-05-09,72.0
2018-05-10,67.0
2018-05-11,57.0
2018-05-12,66.0
2018-05-13,74.0
2018-05-14,74.0
2018-05-15,73.0
2018-05-16,72.0
2018-05-17,62.0
2018-05-18,71.0
2018-05-19,74.0
2018-05-20,70.0
2018-05-21,74.0
2018-05-22,76.0
2018-05-23,74.0
2018-05-24,78.0
2018-05-25,58.0
2018-05-26,58.0
2018-05-27,74.0
2018-05-28,78.0
2018-05-29,82.0
2018-05-30,76.0
2018-05-31,77.0
2018-06-01,78.0
2018-06-02,79.0
2018-06-03,80.0
2018-06-04,81.0
2018-06-05,77.0
2018-06-06,80.0
2018-06-07,78.0
2018-06-08,79.0
2018-06-09,59.0
2018-06-10,67.0
2018-06-11,74.0
2018-06-12,87.0
2018-06-13,86.0
2018-06-14,81.0
2018-06-15,78.0
2018-06-16,76.0
2018-06-17,63.0
2018-06-18,71.0
2018-06-19,81.0
2018-06-20,87.0
2018-06-21,86.0
2018-06-22,86.0
2018-06-23,84.0
2018-06-24,92.0
2018-06-25,89.0
2018-06-26,83.0
2018-06-27,88.0
2018-06-28,78.0
2018-06-29,79.0
2018-06-30,86.0
2018-07-01,90.0
2018-07-02,86.0
2018-07-03,79.0
2018-07-04,87.0
2018-07-05,87.0
2018-07-06,79.0
2018-07-07,90.0
2018-07-08,93.0
2018-07-09,91.0
2018-07-10,90.0
2018-07-11,94.0
2018-07-12,98.0
2018-07-13,95.0
2018-07-14,97.0
2018-07-15,92.0
2018-07-16,93.0
2018-07-17,96.0
2018-07-18,97.0
2018-07-19,96.0
2018-07-20,95.0
2018-07-21,92.0
2018-07-22,92.0
2018-07-23,95.0
2018-07-24,97.0
2018-07-25,97.0
2018-07-26,98.0
2018-07-27,96.0
2018-07-28,94.0
2018-07-29,97.0
2018-07-30,95.0
2018-07-31,97.0
2018-08-01,96.0
2018-08-02,92.0
2018-08-03,87.0
2018-08-04,83.0
2018-08-05,86.0
2018-08-06,92.0
2018-08-07,97.0
2018-08-08,100.0
2018-08-09,102.0
2018-08-10,96.0
2018-08-11,94.0
2018-08-12,92.0
2018-08-13,93.0
2018-08-14,94.0
2018-08-15,92.0
2018-08-16,93.0
2018-08-17,88.0
2018-08-18,90.0
2018-08-19,92.0
2018-08-20,88.0
2018-08-21,84.0
2018-08-22,86.0
2018-08-23,87.0
2018-08-24,82.0
2018-08-25,83.0
2018-08-26,82.0
2018-08-27,78.0
2018-08-28,84.0
2018-08-29,86.0
2018-08-30,80.0
2018-08-31,81.0
2018-09-01,85.0
2018-09-02,89.0
2018-09-03,89.0
2018-09-04,91.0
2018-09-05,90.0
2018-09-06,89.0
2018-09-07,88.0
2018-09-08,84.0
2018-09-09,85.0
2018-09-10,84.0
2018-09-11,77.0
2018-09-12,68.0
2018-09-13,69.0
2018-09-14,74.0
2018-09-15,72.0
2018-09-16,74.0
2018-09-17,78.0
2018-09-18,76.0
2018-09-19,72.0
2018-09-20,79.0
2018-09-21,83.0
2018-09-22,81.0
2018-09-23,72.0
2018-09-24,76.0
2018-09-25,79.0
2018-09-26,85.0
2018-09-27,90.0
2018-09-28,86.0
2018-09-29,75.0
2018-09-30,69.0
2018-10-01,65.0
2018-10-02,72.0
2018-10-03,72.0
2018-10-04,52.0
2018-10-05,56.0
2018-10-06,56.0
2018-10-07,61.0
2018-10-08,62.0
2018-10-09,61.0
2018-10-10,56.0
2018-10-11,61.0
2018-10-12,68.0
2018-10-13,65.0
2018-10-14,56.0
2018-10-15,64.0
2018-10-16,69.0
2018-10-17,71.0
2018-10-18,72.0
2018-10-19,74.0
2018-10-20,75.0
2018-10-21,71.0
2018-10-22,71.0
2018-10-23,65.0
2018-10-24,62.0
2018-10-25,71.0
2018-10-26,72.0
2018-10-27,70.0
2018-10-28,63.0
2018-10-29,54.0
2018-10-30,54.0
2018-10-31,58.0
2018-11-01,65.0
2018-11-02,64.0
2018-11-03,59.0
2018-11-04,59.0
2018-11-05,52.0
2018-11-06,52.0
2018-11-07,50.0
2018-11-08,53.0
2018-11-09,60.0
2018-11-10,54.0
2018-11-11,56.0
2018-11-12,58.0
2018-11-13,61.0
2018-11-14,60.0
2018-11-15,61.0
